,Unnamed: 0,ID,NAME,TYPE,COUNTRY,REGION,GRAPES,BODY,ACIDITY,PRICE,VINTAGE,DESCRIPTION,URL,IMAGE_URL,normalized_descriptors,wine_vectors,cosine_similarity
6,629,3292,"ILatium Morini, Soave, DOC, Veneto, Italy",White Wine,Italy,Veneto," Trebbiano , Garganega ",4,3,13.95,2020,"Light crisp and refreshing white, straw green in colour. White flowers, apple and exotic fruits on the nose which follow in the mouth to a delicate, citrusy, dry with almondy and mineral finish.",,https://www.alliancewine.com//images/products/BOTTLE_2991.png?mode=pad,"['light_bodied', 'crisp', 'refreshing', 'white', 'straw', 'green', 'white_flower', 'apple', 'fruit', 'citrus', 'dry', 'minerality']","[[-0.6106858   1.0415558   3.6363242  -0.19920044  1.9423784  -1.056567
   2.954155   -1.7200427   0.08118512  1.9895229  -1.5878448   1.6434323
  -1.5401696  -0.55311346  2.9873135   2.2874033  -2.8962924   3.3624945
   0.915251    1.9530126  -3.6333692   1.4093323   2.5733604  -3.15149
   0.2097926   0.41547778  2.471473   -2.1649659  -1.2720598   4.1244154
   0.8057762  -1.7136121   3.545695   -0.29486528 -4.157367    0.38249254
   0.30119547  3.2145684   0.7517603   2.731871    0.5333149   1.6299206
   0.60935277  2.073506   -3.271223   -1.3245682  -0.69414973 -3.1447334
  -4.2595963   1.2025865  -0.45625576  1.5104723   0.48704684  0.70885366
   0.1973126  -0.17685449  2.031161   -2.1148264   0.08391732  0.12018593
   1.6755384  -0.17607896  1.1816267   0.7972992   0.7223603  -4.4616504
   2.4343305  -0.72356105  1.1641768   3.2231362   0.6603083   0.02744062
  -1.8285518   0.4886911   0.55131674  1.483327    0.7046692   1.8255653
   4.9561043  -2.5184278   1.8321037  -0.20312715 -0.24079902 -4.2178245
  -5.4144382   1.0900068   3.5849714   4.2595806  -1.2629324  -2.7551272
   0.6198579   3.0115263   0.05871747 -1.3484458  -3.6340473   0.90651184
  -2.8541956  -0.6902757   2.2434013  -3.562535    0.3145664  -0.14169167
   1.17687    -2.557401    3.0364618  -0.8685309  -0.6270837   1.3487829
   2.0734465  -4.642693    1.1027652  -1.0032128   2.0178177   1.6148381
  -0.08222707  0.6017477  -0.9051419  -1.1786512  -2.9178417  -0.13487823
   0.90491     0.36378208  0.21389681  2.243923    1.9309416  -2.1843195
   1.1765997   2.4418757  -0.38734376 -2.4945266   1.3713646   0.5188063
  -1.1131712   1.8509244  -0.09436822  1.8511734  -0.7425737   1.1609278
   0.43017364  1.8401017  -6.271051   -3.8573616  -1.5002826  -4.800776
   2.3174405  -1.0621883   1.0447434   2.9977932  -2.259606    2.3148499
   3.4825866   2.9302492  -0.614825    1.7436644  -2.9946182   2.2204864
  -2.838992    0.77626896 -0.5086057  -2.1898482  -0.35575625  2.9028122
   1.4981565  -3.4496543   0.38159028  1.4879794   1.5908939   0.3667374
   0.1489513  -1.6432303   4.19713     1.9040982  -3.7924783  -0.6446195
  -0.8835136  -1.0643522   2.2720025  -2.2037594   2.3107994   4.989098
  -0.36199284 -0.7603151   0.8842017   1.7431564   3.135664    0.91329426
   0.11749133 -2.1639907  -2.5672376  -0.01906072  1.7992336  -1.609054
   0.79086906  1.1098539  -4.107274    1.7417017   1.3183748  -3.6148598
  -1.5317093   0.75981504 -0.97658926  3.7171516   0.5742734   0.6095806
  -0.8804601  -2.4077616  -0.7331545   1.19401     5.5305424  -3.095167
   0.86645645  3.075262    0.54118234  1.6370549  -2.90074    -0.40558252
   2.2139044   2.6398017   0.9725509   0.86651474 -3.8328812  -1.8247072
   0.40052566  0.20946103  1.8295165  -1.0967783   0.6196449  -1.9031926
   2.2234523  -1.5022879  -3.182721    0.3545996   4.1913147  -0.4155884
  -0.46195504 -4.409959    1.7684345   0.7296311   0.8147364   4.4249897
   2.1222997   0.3574778  -0.89516973  0.56833845 -3.2033017  -1.4792389
   0.81928515 -0.23178774 -1.3676392  -0.62416404 -2.177954   -2.2054975
   1.241367    3.283208   -0.7216177   1.7013698  -4.537781   -0.16550307
   1.6847963  -1.4055499  -0.52658504 -0.36373237 -1.0192822   4.1942987
   4.2882314   3.8865125  -0.2807505   0.8873594   1.1524302   1.3134885
   0.9455702  -0.21324681 -0.4728769   1.5455681  -3.820344    1.9572858
  -3.3573532  -0.7253187   3.9565125   1.8313919  -0.4568808   1.2245475
  -3.259018   -2.4901302   2.997782    0.56059176  1.9418225  -2.0352242
  -1.8394021  -0.72544366 -3.8698823  -1.4601406   0.03313772 -1.874365
  -0.9750554  -2.07132     1.6524358   1.6523986  -1.0512594  -2.905163  ]]",[[0.7490497]]
7,130,3791,"Paul Hobbs, Crossbarn Chardonnay, Sonoma Coast, California, USA",White Wine,United States of America,California,Chardonnay ,5,3,30.95,2019,"Pale yellow in colour, this refreshing chardonnay is fragrant with white flowers, pear and citrus.  The mouth-filling palate opens with crisp flavours of Fuji apple, white peach and lemon blossoms.  Layers of mineral and citrus notes and a touch of vanilla with a graceful, crisp, racy finish.",,https://www.alliancewine.com//images/products/BOTTLE_8137.png?mode=pad,"['pale', 'yellow', 'refreshing', 'white_flower', 'pear', 'citrus', 'crisp', 'apple', 'peach', 'lemon_blossom', 'minerality', 'citrus', 'vanilla', 'crisp', 'racy']","[[-1.3364514e+00  9.6779710e-01  3.4179902e+00 -2.1199216e-01
   3.0625079e+00 -1.0544385e+00  4.6588969e+00  2.0524192e-01
   1.2644197e+00  4.2176070e+00 -3.4915240e+00  3.2461154e-01
  -7.5295681e-01 -2.2324271e+00  2.7724535e+00  9.2820567e-01
  -3.2343597e+00  3.5932269e+00  1.0151031e+00  2.8024826e+00
  -4.6015925e+00  1.1815349e+00  3.1816132e+00 -1.9098904e+00
   1.2787975e+00  1.2575183e+00  3.0592475e+00 -3.3745859e+00
  -2.4728355e-01  4.1898642e+00  9.4163442e-01 -1.8268876e+00
   4.2303290e+00  4.1829255e-01 -3.0440867e+00 -6.7883873e-01
  -1.3378953e+00  4.4429426e+00  5.5630803e-01  3.9903977e+00
   1.7910427e-01  1.8117405e+00  1.0481138e+00  1.6329920e+00
  -5.0777259e+00 -2.0218608e+00 -7.0652944e-01 -3.3721354e+00
  -5.3046503e+00  2.9065793e+00 -2.0276456e-01  6.2881786e-01
   1.2086967e+00  4.3640938e-01  1.2431039e+00  9.0847343e-01
   3.2698600e+00 -3.5466225e+00  4.3882215e-01  6.7207986e-01
   2.1135700e+00 -1.6378856e+00  6.6635770e-01 -6.3254988e-01
   1.9159005e+00 -5.9279218e+00  4.0247226e+00 -6.1089557e-01
  -1.2605625e+00  5.0389271e+00  5.0027806e-01  8.3762568e-01
   4.1193375e-01 -6.0906094e-01  1.2195623e+00  2.8110185e+00
   6.3674051e-01  3.6622348e+00  4.6777835e+00 -1.7761323e+00
   1.6582240e+00  5.5878699e-01 -5.8962643e-01 -4.4607863e+00
  -5.8065310e+00  1.3649613e+00  4.7866263e+00  5.7650704e+00
  -2.1554751e+00 -4.1511903e+00  8.2906586e-01  4.5150399e+00
   1.2627679e+00 -2.0840080e+00 -4.5200758e+00  1.5443586e+00
  -1.5337169e+00 -6.8285190e-02  1.3352139e+00 -5.2398067e+00
   7.7391148e-01  9.0405524e-01  2.3360009e+00 -2.9313405e+00
   2.7483284e+00 -1.0994917e+00 -2.6949224e+00  2.4596727e+00
   1.5835758e+00 -6.1466823e+00  1.2056609e+00 -7.4315667e-01
   2.5192461e+00  2.6114829e+00  4.0719992e-01  1.0755879e+00
   1.0427545e+00 -6.5325546e-01 -1.1460288e+00  1.7387407e-01
   7.8548187e-01  4.2614836e-01 -4.4379935e-01  4.1862106e+00
   1.8405732e+00 -1.7159227e+00  8.3248150e-01  1.7587839e+00
  -1.1784326e-01 -3.0710449e+00  1.9842513e+00  1.2655845e+00
  -3.4895461e+00  3.5295548e+00 -1.2781950e+00  1.0087909e+00
  -9.6943027e-01  1.4850975e+00 -6.3668638e-01  2.7080450e+00
  -5.9561911e+00 -5.2141910e+00 -5.3480250e-01 -5.7307491e+00
   2.1676211e+00 -1.5270129e+00  2.4194263e-01  3.7115853e+00
  -1.9404638e+00  2.2820368e+00  3.7731431e+00  3.7309570e+00
  -2.2926483e-01  2.7245588e+00 -4.1662202e+00  2.3595970e+00
  -3.8382986e+00  1.2472895e+00 -2.2188087e+00 -2.7879272e+00
  -1.0789170e+00  3.4498796e+00  1.6179985e+00 -3.4223959e+00
   6.3631910e-01  2.6997759e+00  2.7791290e+00  1.5109115e+00
   8.5775331e-02 -2.3719153e+00  2.6603444e+00  1.8238342e+00
  -4.7704120e+00 -2.2325523e+00 -5.2004063e-01  1.2222207e-01
   2.2806258e+00 -1.6695584e+00  2.1174090e+00  6.3922696e+00
   2.3719933e+00 -1.3079067e+00  3.7227347e-01  1.6374590e+00
   4.1046352e+00  2.4238565e+00  3.9092740e-01 -3.9872754e-01
  -3.1171906e+00 -9.9778479e-01  1.7116026e+00 -8.8959670e-01
   8.8811183e-01  1.3672783e+00 -3.4593503e+00  1.6987273e+00
   2.7587526e+00 -4.8901973e+00 -2.1842866e+00  2.7307880e-01
  -7.4241853e-01  3.7817235e+00 -1.0658619e+00 -4.4347923e-03
  -1.9761512e+00 -2.2195690e+00  7.1886235e-01  8.7998277e-01
   7.6290350e+00 -3.3079078e+00  9.6782309e-01  3.5075102e+00
   1.1975598e+00  1.9294037e+00 -5.1021676e+00  1.6696888e-01
   2.3168945e+00  2.5382183e+00  1.5382794e+00  2.6727480e-01
  -4.0100527e+00 -2.6910214e+00  1.1643029e+00 -1.2447882e-01
   1.8248265e+00 -2.2875667e+00  2.4159408e+00 -2.9013331e+00
   1.3203341e+00 -1.4464593e+00 -3.6274221e+00  3.6300018e-01
   3.5488272e+00 -6.8577665e-01 -1.4364803e+00 -7.5025358e+00
   1.3752130e+00  3.6064878e-01 -1.0267729e-01  5.1815662e+00
   2.1871562e+00  1.4364089e+00  9.0695888e-01  3.3507672e-01
  -3.5311058e+00 -4.6648178e+00  2.4807684e-01 -6.9607025e-01
  -1.1294264e+00 -5.8081448e-01 -1.4147518e+00 -3.1841967e+00
   1.7700003e+00  4.4256039e+00 -1.6074034e+00  2.0755999e+00
  -6.5389371e+00  1.2985344e+00  2.0652316e+00 -1.4482127e+00
  -5.7176721e-01 -2.1266048e+00  4.8342928e-01  6.4629579e+00
   4.6635575e+00  4.1007400e+00 -8.5811116e-02 -1.0067081e-02
   2.1399088e+00  8.2505602e-01  1.6319376e+00  5.3396028e-01
  -9.2837089e-01  1.3283385e+00 -3.8524787e+00  2.6406324e+00
  -4.2700028e+00 -4.2888120e-01  4.0882936e+00  1.5788323e+00
  -2.2442174e+00  2.8544371e+00 -3.2120917e+00 -2.5436394e+00
   3.0852106e+00 -3.8111609e-01  1.3195773e+00 -9.7600669e-02
  -3.2327201e+00 -6.5088570e-01 -3.3968959e+00 -5.3055114e-01
  -7.4940467e-01 -1.5855740e+00 -1.3709452e+00 -2.1269717e+00
   1.8594747e+00  2.7501333e+00 -8.2715893e-01 -1.5850250e+00]]",[[0.74429023]]
0,544,3377,"Celler del Roure, Cullerot, DO Valencia, Spain",White Wine,Spain,DO Valencia," Macabeo ,  Chardonnay ,  Pedro Ximénez , Verdil ",3,4,15.95,2020,"Aged in Tinijas shows the fresh and complex flavours of this wine. Ripe tangerines from the Verdil, sweet spice from the PX, balanced with fresh and mouth watering citrus, melon and a touch of biscuit from the Chardonnay and Macabeo. Finishing with a rich and creamy mouth feel that makes this wine a true show case of its style.",,https://www.alliancewine.com//images/products/BOTTLE_1482.png?mode=pad,"['fresh', 'complex', 'ripe', 'tangerine', 'sweet', 'spice', 'fresh', 'citrus', 'melon', 'rich', 'cream']","[[-1.60678279e+00  7.68990517e-01  1.33810714e-01  9.29330468e-01
   2.18203712e+00  6.44160569e-01  4.76302020e-02  5.05976737e-01
   2.44907007e-01  3.41554356e+00 -9.37707961e-01  1.00102460e+00
  -1.00939453e+00 -1.02428043e+00  3.16404510e+00  1.96407303e-01
  -1.23430979e+00  4.37059069e+00  2.48801422e+00  2.36285403e-01
  -1.88850713e+00  1.70571601e+00  1.29912114e+00 -2.54699254e+00
   6.01415098e-01  7.20376432e-01  9.57138002e-01 -2.75190973e+00
  -4.99762535e-01  2.32187653e+00  6.64240599e-01 -1.79996872e+00
   2.25056219e+00 -8.36906791e-01 -1.64326179e+00  1.10170931e-01
  -2.97803402e+00  3.87150955e+00 -1.09131062e+00  1.45516157e+00
   1.53690064e+00 -3.79253954e-01  9.30953473e-02  2.37179458e-01
  -2.09433365e+00 -3.03959203e+00 -9.73306060e-01 -3.69607449e+00
  -6.55133188e-01  9.38675880e-01 -2.16661930e+00 -6.65559053e-01
   5.97651660e-01  2.77527332e+00  1.55471909e+00 -1.67875743e+00
   2.19436929e-01 -4.05132341e+00  5.19081116e-01  4.04637426e-01
   2.54543376e+00  1.04036021e+00  1.92115501e-01 -7.12479532e-01
   1.50552821e+00 -3.81275964e+00  2.38603640e+00  1.26847386e+00
   4.95525807e-01  3.93221879e+00  1.39778674e+00 -1.37630808e+00
  -1.53290021e+00  1.75502849e+00  1.10051000e+00  6.25487626e-01
   1.26155674e+00  8.63423944e-01  1.61683357e+00 -2.39544106e+00
  -3.74723941e-01  7.00888574e-01  8.55562925e-01 -3.31780648e+00
  -3.72629380e+00 -3.11086535e-01  1.40490758e+00  1.18409145e+00
  -2.39767480e+00 -1.90137851e+00 -2.23589134e+00  2.41002750e+00
   2.86774635e-02 -8.93747926e-01 -1.53867793e+00  3.74124885e-01
  -2.63199472e+00 -6.25406563e-01 -3.63798112e-01 -1.93040502e+00
  -7.61103034e-01  4.92308915e-01  2.86369354e-01 -3.09339833e+00
   1.41627157e+00 -1.73151270e-02 -2.29395747e+00  6.95817173e-01
   7.76001692e-01 -3.16489315e+00  3.10804963e-01 -1.12293255e+00
   1.38846064e+00  7.04665184e-02  6.68658257e-01  1.05292082e+00
   1.03710306e+00 -1.36669385e+00 -3.20000362e+00 -2.97990918e-01
  -1.16760075e+00  1.58990180e+00 -7.88621187e-01  9.78429198e-01
   1.88080168e+00 -3.70402604e-01  2.86203980e-01  2.17799091e+00
   5.03311716e-02 -5.60419500e-01  8.85724425e-01 -1.41776764e+00
  -4.79121841e-02  3.75969553e+00 -6.31270051e-01  4.31233436e-01
  -6.70307636e-01  7.85415098e-02 -8.92913461e-01  2.63583994e+00
  -4.41097307e+00 -2.50145650e+00 -1.64436579e+00 -3.64437461e+00
  -5.53604305e-01  9.70883310e-01  2.59418130e-01  2.10140824e+00
  -2.03135777e+00  7.63653398e-01  2.38757563e+00  1.87070429e+00
  -1.14867985e+00  1.99350977e+00 -5.12148142e-01  2.23499346e+00
  -1.35188556e+00  1.91624606e+00 -1.22115290e+00 -2.82902551e+00
   1.06182702e-01  1.54223931e+00  2.15367603e+00 -1.21356320e+00
  -3.75155965e-03  1.26858532e+00 -6.41892970e-01  6.89742804e-01
  -1.43691078e-01 -2.48862767e+00  2.50310302e+00  2.12009954e+00
  -3.11015010e+00 -2.02583504e+00 -2.28674364e+00 -2.28208899e+00
   8.96550596e-01 -5.61008230e-02 -1.47563827e+00  1.97751248e+00
   2.51210690e+00 -1.04993618e+00  1.38477409e+00  3.22032094e+00
   3.94016266e+00  2.15564442e+00 -2.08320236e+00 -1.97066891e+00
  -1.45347142e+00 -4.94045556e-01  1.42889142e+00 -2.02717829e+00
   1.10242045e+00  2.58959007e+00 -3.07332540e+00  7.80742228e-01
   2.04007936e+00 -3.18629050e+00 -2.05130172e+00  2.41038695e-01
  -4.17306989e-01  2.14873242e+00 -1.01716852e+00  9.13579941e-01
  -1.35929227e+00 -1.14922369e+00 -5.00916719e-01  1.35063186e-01
   2.62951684e+00 -5.40300965e-01  3.30823451e-01  3.17213917e+00
   2.36531043e+00  7.21276879e-01 -3.50571966e+00  3.21005255e-01
   2.98359609e+00  3.68034577e+00  2.43271875e+00  2.87433481e+00
  -2.85904717e+00 -2.21441317e+00  2.63209999e-01  1.15816414e+00
   3.81333447e+00 -7.30404854e-01  9.53422546e-01  1.41156211e-01
   1.82787216e+00 -8.68708372e-01 -3.48085713e+00 -8.78149033e-01
   1.27626121e+00 -8.79638135e-01  1.36994076e+00 -4.27351856e+00
   7.28569984e-01  7.62204707e-01 -2.27411938e+00  3.07655120e+00
   5.22993028e-01  1.52285159e+00  1.64191163e+00 -1.14820436e-01
  -2.96415639e+00 -3.80673140e-01  1.13611162e+00 -2.28343773e+00
  -1.75708973e+00  9.91234064e-01  8.27878058e-01 -2.16414428e+00
  -5.81121206e-01  4.36955547e+00 -8.76440763e-01  2.01620197e+00
  -5.40035963e+00  9.08165872e-01  8.24653685e-01  6.93688929e-01
   1.59801686e+00 -1.68818808e+00 -2.74537653e-01  4.60164213e+00
   2.67993999e+00  3.87502909e+00  1.28316152e+00 -2.23300719e+00
   3.68476510e+00  5.47278523e-01  3.06906676e+00 -3.75604898e-01
   1.38100624e+00  1.65001297e+00 -2.06047225e+00  2.27763224e+00
  -1.89315426e+00  6.17169440e-01  5.45901012e+00 -7.24637747e-01
  -1.52573928e-01  1.31837165e+00 -1.51900303e+00 -2.28083491e+00
   3.16037154e+00  6.18435979e-01  2.57932019e+00 -2.52698112e+00
  -8.53091002e-01 -3.12886462e-02 -1.58064163e+00 -1.59291792e+00
  -8.78933907e-01 -1.30238867e+00 -3.08734918e+00 -2.77580643e+00
   1.21733904e+00  5.80317855e-01 -2.54700637e+00 -1.88565111e+00]]",[[0.72784966]]
8,288,3633,"Domaine Klur, Katz, Pinot Gris, Alsace, France",White Wine,France,Alsace,Pinot Gris ,3,3,22.95,2019,A round and tempting wine which is straw yellow in colour. Elegant and flowery nose with hints of acacia and lime. A smooth and fresh palate echoing the exotic lime notes and a sweet fruit finish. A classy glass of Pinot Gris!,,https://www.alliancewine.com//images/products/BOTTLE_2647.png?mode=pad,"['round', 'straw', 'yellow', 'elegant', 'flower', 'acacia', 'lime', 'smooth', 'fresh', 'lime', 'sweet', 'fruit', 'classy']","[[-1.5537022   1.0248659   3.7811713  -1.8140291   1.5743897   0.4174152
   2.3997533  -0.3156088   1.2403649   2.8561685  -1.3408921   0.8111726
  -0.6727582  -2.387762    2.7113445   1.7122002  -1.8198833   3.2642658
   2.4877546   2.1661339  -2.4690511   0.6435058   2.788877   -2.2298496
   1.0690087  -0.6508722   3.1017509  -1.8637521  -0.36254582  3.5443444
  -0.8649858  -1.87198     3.0779328  -0.98526764 -3.1449635   0.29400495
  -1.5864516   2.7716088   0.5323975   2.300234    0.64392984  0.62489593
   1.171799    2.4679723  -2.2647684  -2.431869    1.5444826  -2.4461148
  -2.7476969   1.0352957  -1.0717027   0.06175294  1.6287296   1.3836535
   0.8138212  -0.5401572   2.886733   -3.3988051   0.24315332 -1.3817201
   2.9778547  -1.2734383   0.6851682   0.10117881  1.942792   -4.1504736
   2.9556036   0.6896798   0.50266457  3.50046     0.82472515 -0.7577048
  -1.1560327  -0.38176173  1.6328326   2.0649638   0.964414    1.5332351
   2.6329741  -1.267474   -0.11717023  1.1945655   0.25809884 -3.5415382
  -3.5144718   1.0468309   2.8872492   3.3457932  -2.0632358  -2.2664323
  -1.0705642   1.4738846   1.6003073  -1.1680663  -2.8044894   1.8885907
  -1.5558687  -1.2125905   2.897109   -3.1398675  -1.3618982   1.2473693
   2.081053   -3.0461135   1.080888   -1.5117676  -2.1323793   1.174082
   3.328355   -3.725288   -0.50559115 -0.9678401   0.8473971  -0.12851356
   0.14091042  0.08855086  1.463173   -1.157251   -1.804316   -1.3379521
   0.01606729 -0.7771424   0.5992      1.7331594   1.4598298  -0.8495159
  -0.24416314  0.60872054  1.0349262  -0.49576128  0.6853937  -0.65836585
  -0.60875833  2.4892616  -1.0657367   1.2230176  -0.77799356  2.0111082
   0.92077744  2.1501164  -2.9521484  -3.2939982  -2.2425041  -6.1961746
   1.059646   -0.776989   -0.504352    3.1825523  -1.7523111   2.4717488
   0.9741384   2.3182302   0.2632114   3.0895534  -0.2848303   0.757278
  -2.4994109   0.15912983 -1.3476418  -2.6832097  -0.68863267  1.6381984
   1.9449878  -2.3862712   1.4129217   2.3145335   0.04980709  1.9317157
   0.05124588 -0.5984414   1.2577367   0.7438729  -3.2593944  -0.46492216
  -0.11117669 -0.9468205   0.72133106 -1.2058024   1.0308862   3.042817
   2.1585965  -2.0765543   0.9819969   2.6718988   4.07154     0.59145015
  -0.02647554 -1.3707575  -3.2217717  -0.9559276   2.0447745  -1.5163811
   2.2303057   1.8243207  -1.1421714   0.2966788   1.2591732  -2.50745
  -1.8223832   1.3686532  -0.15321372  2.1410356  -1.6362975   0.3197564
  -1.3655231  -1.0753598  -1.4698912   1.127502    5.429984   -1.261217
   1.2529972   2.464898    2.0440145   0.6875905  -4.5239916   0.40484136
   1.7478517   1.8424586   0.5228492   2.034742   -4.239043   -1.0598853
   0.51029503  1.8804717   3.4140837  -2.9970005   0.12169372 -0.8200856
   1.3730679  -1.6625543  -4.36994     1.1365345   2.0709872  -0.1055891
  -1.3008115  -4.460668    0.45619613 -0.6796807   1.240197    4.5431356
   1.5702432  -0.48280415  1.2523376   0.0201203  -3.720778   -0.76085824
   0.45565736  0.5115591  -1.4018977  -0.7847108  -0.13019826 -2.3424387
  -1.1597147   3.765989   -0.20462824  3.0670612  -5.083425   -0.01827291
   0.97701764 -1.386528   -1.5983765  -0.7617379  -0.584804    4.6030807
   3.9457088   2.3692605  -0.2716734  -1.4394754   0.67865586  1.0566758
   1.3740114   0.4722452   1.2351794   0.1535249  -2.337708    1.4615426
  -3.9966967   0.02553375  3.7013783   2.2863886  -0.80560184  1.1959686
  -2.1148875  -2.4803174   1.760394    0.18565911  1.332725   -0.6858718
  -2.529884   -0.26889658 -2.3492973  -1.2301413  -1.0397229  -1.15119
  -1.8670135  -1.6074106   1.4222984   1.8608494  -2.098118   -0.79640126]]",[[0.7163126]]
2,295,3626,"Iona, Elgin Highlands Wild Ferment Sauvignon Blanc, Elgin, South Africa",White Wine,South Africa,Elgin,Sauvignon Blanc ,3,4,22.95,2019,"Perfectly ripe Sauvignon Blanc fermented with wild yeast in large wood format results in an array of complexity: textured, multi-layered with minerality, salinity, blackcurrent, white stone fruits, a rich palate and a long zesty finish.",,https://www.alliancewine.com//images/products/BOTTLE_4001.png?mode=pad,"['ripe', 'wood', 'complex', 'minerality', 'saline', 'blackcurrant', 'white', 'stone_fruit', 'rich', 'zesty']","[[-1.2336754e+00 -2.7163884e-01  1.8544614e+00 -3.8346204e-01
   2.0483353e+00 -5.8551741e-01 -5.9452909e-01 -2.7420955e+00
   7.0124763e-01  1.6354325e+00 -1.7721527e+00  1.8822832e+00
  -1.4285296e+00 -2.9647449e-01  1.9803203e+00  3.2976508e+00
  -9.8004830e-01  3.4132650e-01  2.7343259e+00  8.4347451e-01
  -2.1472034e+00  4.3669158e-01  1.3177735e+00 -2.0047300e+00
  -2.3656788e-01 -9.0479851e-02  1.1965001e+00 -2.4458728e+00
  -3.1865001e+00  3.4488215e+00  1.2360600e+00  6.1885232e-01
   3.3877068e+00 -1.9351883e+00 -1.8053048e+00  1.3607638e+00
  -3.4424198e-01  2.8249390e+00  1.5645274e+00  8.0278504e-01
   9.6841538e-01 -4.8772000e-02 -3.1540695e-01  4.1006718e+00
  -2.1894705e+00 -2.6174581e+00 -1.9136913e+00 -2.5717647e+00
  -1.4203775e+00  7.9093456e-01  7.3488727e-02 -2.5481194e-01
   5.1814359e-01  2.7860248e-01  6.2906235e-01 -4.1248313e-01
  -6.3813949e-01 -3.1830323e+00  7.9791653e-01  1.1838624e+00
   1.7415307e+00  1.6179063e+00  1.0969363e+00  4.7924779e-02
   6.5295905e-01 -2.1078954e+00  1.1180203e+00 -1.1978626e-02
   4.6269029e-01  2.3663776e+00  1.8721451e+00  1.4982820e-03
  -1.5485384e+00  2.9191574e-01  1.2986704e+00  3.3322313e-01
   3.3322914e+00  1.2748112e-01  1.8068874e+00 -2.0301991e+00
   9.2809564e-01  1.7854150e-01  1.4704785e+00 -4.0305977e+00
  -3.2525284e+00 -4.6744210e-01  1.1931671e+00  2.0085559e+00
  -5.5958235e-01  1.0058703e+00  8.9090842e-01  2.5039880e+00
  -7.4117023e-01 -6.5959048e-01 -7.5758499e-01 -7.4161529e-03
  -3.2244496e+00 -1.9477990e+00  5.5933702e-01 -1.1931633e+00
   2.8343731e-01 -1.3983709e-01 -7.7107775e-01 -2.7249510e+00
   1.3193204e+00 -1.2044829e+00  1.8640432e+00  1.5586002e-01
   2.1123484e-01 -3.9980972e+00  2.2051222e+00 -1.7212172e+00
   1.7725809e+00 -1.5674956e+00  2.7939508e+00  7.3735736e-02
   2.1849294e+00 -9.2409647e-01 -4.3821249e+00  5.9743989e-01
  -1.8027880e+00  6.7828858e-01 -1.5517855e-02  1.6926514e+00
   1.3923665e+00 -2.7383816e-01  1.4032552e+00  1.0499831e+00
  -3.0845731e-01 -2.5965295e+00  2.2040286e+00 -1.3520811e+00
  -1.1027777e+00  4.8870482e+00 -6.8395078e-01  1.0202215e+00
  -2.9665142e-01  5.0188905e-01  8.2824707e-01  3.8270764e+00
  -4.5718637e+00 -2.5476787e+00 -2.0404742e+00 -3.9436142e+00
   3.8916305e-01  1.0258387e+00  2.3064981e+00  1.4782768e+00
  -2.4865847e+00  1.1754130e+00  2.1527276e+00  3.8740113e+00
  -2.1302443e+00  2.6299350e+00 -1.5843233e+00  2.1664269e+00
  -1.2087154e+00  2.0527558e+00  6.4138573e-01 -2.5673409e+00
  -1.5237230e+00  1.6761860e+00  2.6824453e+00 -4.7196097e+00
   6.5191573e-01  2.4887350e-01 -1.9297173e+00 -6.5231425e-01
  -1.1986555e+00 -1.1113164e+00  2.2082152e+00  1.6081578e+00
  -3.0250227e+00 -3.8419932e-01 -8.5077161e-01 -9.8082620e-01
   5.5559301e-01 -1.0728093e-01 -5.9789711e-01  1.6133859e+00
   7.4494195e-01  4.0798369e-01  2.0852704e+00  2.3370974e+00
   2.0120661e+00  1.3470106e+00 -1.9720081e+00 -2.7119265e+00
  -8.0051535e-01 -1.3070734e+00  1.1166087e+00 -1.5451721e+00
  -2.5542375e-01  1.3449543e+00 -3.2139008e+00  3.1101209e-01
   1.4309775e+00 -2.5979388e+00 -8.5224986e-02  7.6724857e-01
  -7.0422399e-01  1.3047781e+00 -2.1523058e-01  5.5810261e-01
  -2.6354058e+00 -1.6316235e-01 -1.4025716e+00 -2.8560424e-01
   4.7200422e+00 -1.2143067e-01  9.5302999e-01  2.8665559e+00
   8.1587374e-01  7.8936034e-01 -2.3665974e+00  1.6798156e+00
   1.5796598e+00  4.4139266e+00  2.2499883e+00  3.7963097e+00
  -3.9841728e+00 -1.2165868e+00  1.7970616e-01  1.6753649e+00
   2.7871406e+00 -1.2370352e+00 -3.1858373e-01 -1.2932682e+00
   1.7902672e+00 -1.3967412e+00 -3.5469260e+00  2.5938758e-01
   1.6500168e+00 -3.0321667e-01  1.9692698e+00 -3.2361045e+00
   2.3292794e+00  1.7951462e+00  7.0158178e-01  5.1893277e+00
  -9.5794809e-01  1.5893854e+00 -5.3743172e-01 -4.0990591e-01
  -2.5748641e+00 -1.5159562e-01 -1.9104080e+00 -2.4654686e+00
  -9.5592391e-01 -9.2931545e-01 -1.2126954e+00 -1.2875339e+00
   1.4337968e+00  4.0210223e+00  1.3641187e+00  2.4274158e+00
  -4.9715667e+00  9.9538136e-01  3.5345263e+00  2.6347581e-01
   1.0248622e+00 -5.4947555e-01 -8.5478240e-01  4.9182611e+00
   1.6205190e+00  3.8495488e+00  8.2805622e-01 -9.9612868e-01
   3.6986089e+00  7.0801508e-01 -6.9589570e-02 -9.1499120e-01
  -8.1475973e-01  2.1133485e+00 -4.6923223e+00  2.9158006e+00
  -3.2694001e+00  6.7233819e-01  3.2519448e+00  6.3663644e-01
  -2.8804193e+00  8.3100939e-01 -9.5272940e-01 -2.2944536e+00
   1.0679138e+00  2.6231614e-01  1.5394272e+00 -9.2094958e-01
  -2.4169824e+00 -1.2032923e+00 -4.4549627e+00 -1.4223138e+00
  -4.2344195e-01 -2.4955764e+00 -2.6657779e+00 -1.7379541e+00
  -5.3802681e-01  7.4029225e-01 -2.8498158e+00 -9.7629356e-01]]",[[0.7135345]]
1,379,3542,"Guerila, Zelen, Primorska, Slovenia",White Wine,Slovenia,Vipava Valley,Zelen ,0,0,18.95,2020,"Light green colour with yellow hues, brilliant. Strongly expressed varietal characteristics. An aroma of Mediterranean herbs - bay, rosemary, thyme – combined with fruity and floral notes. A delicate, mineral wine with just the right balance of freshness and smoothness.",,https://www.alliancewine.com//images/products/BOTTLE_2591.png?mode=pad,"['light_bodied', 'green', 'yellow', 'brilliant', 'meditteranean_herbs', 'fruit', 'flower', 'minerality', 'fresh', 'smooth']","[[-1.8588072e+00 -1.1839536e+00  3.4145474e+00 -1.1530348e+00
   1.1478201e+00  2.3011737e-01  4.3885621e-01 -2.1042123e+00
   3.3314908e-01  2.4529719e+00 -1.1971862e+00  2.0272472e+00
  -2.2070226e-01 -7.8060144e-01  1.8641975e+00  2.4793553e+00
  -2.2912135e+00  1.6979008e+00  1.8760560e+00 -3.2660961e-03
  -2.2529888e+00  2.5178176e-01  2.7242820e+00 -4.1039586e+00
  -3.1479946e-01  8.1857598e-01  2.7840409e+00 -1.6259342e+00
  -1.2686560e-01  4.6525521e+00  1.1367157e+00 -6.2841326e-01
   3.5804868e+00 -5.2624685e-01 -3.4289012e+00  1.2182551e-02
  -1.3910840e+00  1.7633657e+00  1.1380680e+00  1.3006811e+00
   4.3410510e-01  6.6783893e-01  2.7938706e-01  3.5080771e+00
  -1.4901116e+00 -1.9473677e+00 -7.1439534e-01 -3.0955603e+00
  -1.6081686e+00  9.4500905e-01 -3.2312649e-01  3.9750910e-01
   3.3811289e-01  8.4764194e-01  1.5351486e+00  7.7943563e-02
   2.5968268e+00 -2.2975137e+00  1.2919970e+00  4.9503636e-01
   2.9337115e+00  1.4900590e-01 -3.0418739e-01 -5.5800420e-01
   2.1253057e+00 -1.8173864e+00  1.5809319e+00  7.8924072e-01
  -8.0662869e-02  4.5490508e+00  2.1937244e+00 -1.8795166e+00
  -1.7828954e+00  1.6763960e+00  1.3833164e+00  1.6271782e+00
   2.5994732e+00  3.3764377e-01  2.4303186e+00 -1.6147861e+00
   1.0425049e+00 -9.9313438e-02  6.1911774e-01 -2.2341907e+00
  -3.8608296e+00  1.4838107e+00  2.6991258e+00  1.6901897e+00
  -1.0441177e+00 -1.0045258e+00  3.7262064e-01  2.2460060e+00
  -1.2001355e-01  7.2566545e-01 -6.4258263e-02  8.3581579e-01
  -3.3777912e+00 -3.5882908e-01  3.2794991e+00 -1.4631870e+00
  -6.4618158e-01  1.7662252e+00  2.1838653e+00 -3.7197239e+00
   1.8650246e+00 -1.3426363e+00 -1.2505202e+00  2.1803212e-01
   2.1626275e+00 -4.3040133e+00  9.7842759e-01  4.5642775e-01
   9.8843974e-01  3.2081357e-01  2.3054869e+00  5.1741005e-04
   2.1109471e+00 -7.9947197e-01 -1.5881960e+00 -1.6487405e+00
  -2.0587800e+00  1.2104137e+00  1.1971867e+00  2.5847864e+00
   1.6287529e+00 -1.3973310e+00  1.3889433e+00  3.4392244e-01
   9.5543873e-01 -3.0493128e+00  3.9940000e-01 -1.3523375e+00
  -2.0576046e+00  3.4850299e+00  5.4914731e-01  1.5279269e+00
  -7.9926871e-02  7.1355587e-01  1.5430911e+00  1.6057899e+00
  -4.2843475e+00 -3.5811367e+00  2.0040002e-01 -4.9805136e+00
   9.7984254e-01  2.9713669e-01  1.3820791e+00  3.2492397e+00
  -2.2669482e+00  1.8727658e+00  2.3209715e+00  3.4548936e+00
  -1.5188820e+00  2.0508013e+00 -1.5767200e+00  1.3285373e-01
  -1.2134430e+00  1.6883037e+00  6.1067814e-01 -1.9575678e+00
  -4.9380904e-01  1.3759654e+00  2.6541722e+00 -2.8561754e+00
   1.5606296e+00  7.9214972e-01  2.0363173e-01 -7.8190798e-01
   2.9830387e-01 -2.1090388e+00  3.3000748e+00  2.1311448e+00
  -2.0194857e+00 -1.1082922e+00 -1.3114851e+00 -4.0794978e-01
   2.1057763e+00 -1.7720207e+00  1.0248847e+00  2.2486763e+00
   9.4833595e-01 -8.3405066e-01  3.2468662e+00  1.0285637e+00
   1.1685126e+00  6.0072863e-01 -2.5258121e+00 -2.8655267e+00
  -4.9895058e+00 -1.6964819e+00  1.2023658e+00 -2.1743758e+00
   1.1885082e+00  1.9664310e+00 -1.9011730e+00  6.0618961e-01
  -2.3592444e-01 -1.7492220e+00 -5.9790641e-01  1.1560752e+00
   9.1293144e-01  3.2355289e+00 -3.8676273e-02  2.9067260e-01
  -1.8251922e+00  5.9697628e-02 -1.3748477e+00  1.3113455e+00
   5.4256449e+00 -1.7856594e+00  1.8986527e+00  2.1468899e+00
   1.7604698e+00 -1.5532910e+00 -1.8989153e+00  2.0146575e+00
   1.0735004e+00  4.2288952e+00  1.0815535e+00  3.6442921e+00
  -3.8648591e+00 -1.8631818e+00  7.0975804e-01  2.2014117e+00
   1.4239752e+00 -2.8483534e-01  1.7282419e+00 -1.6061760e+00
   1.0866468e+00 -1.5537086e+00 -3.6850719e+00 -1.3746424e-01
   2.2330060e+00 -1.1702373e+00 -6.3863337e-01 -4.5876079e+00
   1.8861555e+00  1.0792332e+00  1.2771498e+00  4.2665486e+00
   1.4258996e+00  8.6196959e-01 -1.2261789e+00  1.6178586e+00
  -2.7583718e+00 -1.5254053e-01  5.0248921e-02 -1.6633634e-01
  -2.5126693e+00 -1.0432608e+00 -1.7852085e+00 -7.7554643e-01
   7.9432213e-01  1.2237200e+00  1.2911062e+00  1.6937606e+00
  -5.5231581e+00 -8.3753186e-01  3.2836945e+00 -9.1101903e-01
  -3.3463091e-01  6.1038744e-01 -1.7189724e+00  4.0835776e+00
   2.6554809e+00  1.9242201e+00 -1.7443550e+00 -2.4938409e-01
   3.8539639e+00  7.1975362e-01  9.5254266e-01 -2.4122949e+00
  -8.8295728e-01  1.1013803e+00 -4.1833930e+00  1.8225803e+00
  -3.4274724e+00  5.7959318e-01  3.5390117e+00  2.8019912e+00
  -7.0746833e-01  3.3957776e-01 -2.0241241e+00 -2.6557586e+00
   2.6913455e+00 -2.2158718e-01  2.4944069e+00 -1.0538244e+00
  -1.6159837e+00 -2.3182540e+00 -3.1453290e+00 -3.0155692e+00
   2.0233707e-01 -1.4482893e+00 -9.5363438e-01 -2.5057652e+00
  -4.8030573e-01  3.5420388e-01 -1.5411613e+00 -1.5981543e+00]]",[[0.69596124]]
