,ID,NAME,TYPE,COUNTRY,REGION,GRAPES,BODY,ACIDITY,PRICE,VINTAGE,DESCRIPTION,URL,IMAGE_URL,normalized_descriptors,wine_vectors,cosine_similarity
365,3556,"Cave De Ribeauville, Pinot Blanc, Alsace, France",White Wine,France,Alsace,Pinot Blanc ,4,4,18.95,2020,"Floral aromas with a rich, ripe and fruity fresh palate with waxy highlights, a medium body with a dry and nutty finish.",,https://www.alliancewine.com//images/products/BOTTLE_2621.png?mode=pad,"['flower', 'rich', 'ripe', 'fruit', 'fresh', 'wax', 'medium_bodied', 'dry', 'nut']","[[-8.46937954e-01  1.19256176e-01 -5.83557844e-01  1.62089631e-01
   2.50693297e+00  6.60363436e-01 -3.94705892e-01 -1.59998667e+00
   5.29835224e-02  9.90696609e-01 -2.27207959e-01 -4.52248365e-01
   4.40364420e-01 -2.54995674e-01 -4.24950905e-02  1.76419258e+00
  -1.85378182e+00  2.75699639e+00  3.85888076e+00 -2.27295294e-01
  -1.82580137e+00 -5.42921782e-01  1.89356935e+00 -3.34079576e+00
   1.88501310e+00  1.29004514e+00  1.67777443e+00  7.35852480e-01
   3.34246427e-01  3.82167864e+00  2.18140817e+00 -3.19614142e-01
   1.84778702e+00 -5.47922432e-01 -3.22472668e+00  1.33204544e+00
  -1.02769041e+00  3.67398167e+00  9.56007004e-01  1.64604890e+00
   1.22069120e+00  4.18070346e-01  6.57889545e-02  1.51160097e+00
  -1.25505114e+00 -2.18720746e+00 -2.25824147e-01 -3.27622128e+00
  -1.32320571e+00  1.36882973e+00 -2.53705907e+00  7.23256409e-01
   6.74851656e-01  6.48041606e-01  6.72740102e-01 -4.04079866e+00
  -3.99647802e-02 -3.80559444e+00  8.00454497e-01 -1.36154413e+00
   2.74623561e+00  1.08413696e+00  3.89437139e-01  2.25735933e-01
   8.50144744e-01 -3.78066158e+00  1.10233474e+00 -1.53354716e+00
   1.69978058e+00  3.61546373e+00  1.55541182e+00 -1.51136428e-01
  -1.97897124e+00  1.92011940e+00  1.63033545e+00 -5.75429976e-01
   1.19870460e+00  1.30669069e+00  2.75041199e+00 -1.89229071e+00
  -3.34593467e-02 -2.52194911e-01  1.64365780e+00 -3.59625530e+00
  -3.32281756e+00 -6.60349131e-01  1.46352553e+00  1.54502928e+00
  -1.54552948e+00 -4.51037884e-01 -1.47391379e+00  1.31396866e+00
  -8.64208221e-01 -6.26526952e-01 -3.74797255e-01 -1.52982438e+00
  -2.01225114e+00 -1.34041214e+00  1.47861183e+00 -1.62874329e+00
  -9.35476005e-01 -1.83237052e+00  8.19324911e-01 -1.56375039e-02
   9.94884908e-01 -2.20559705e-02 -1.91957521e+00  5.42102814e-01
   8.56780708e-01 -1.71535242e+00  1.12414658e+00 -5.22716820e-01
   1.51975083e+00 -1.35084128e+00  1.53422499e+00 -1.32252371e+00
   1.54527068e+00 -2.75148630e+00 -3.92886233e+00 -2.01968864e-01
  -8.62361252e-01  2.79475999e+00  7.28374243e-01  2.16651511e+00
   1.35501802e+00 -2.40130067e+00  7.22914159e-01  4.30498958e-01
  -4.32223734e-03 -9.15555656e-01  4.75041926e-01 -4.17673540e+00
  -3.53602082e-01  1.34335983e+00 -7.92021930e-01  1.01300752e+00
  -1.47815239e+00 -8.44752967e-01  1.66604567e+00  2.65217543e+00
  -4.75528145e+00 -3.51273775e+00 -1.87150145e+00 -2.76205754e+00
   4.86724228e-01  5.97178757e-01  1.27550095e-01  1.42269385e+00
  -1.81007433e+00  7.36043975e-02  1.51503181e+00  6.28013909e-01
  -1.28281069e+00  6.01857781e-01  4.28958863e-01  9.97186005e-02
  -1.34036875e+00  4.28021312e-01 -5.00747800e-01 -1.26481545e+00
   2.03979924e-01  7.37542689e-01  1.27441573e+00 -2.53434920e+00
   1.75852692e+00  1.88863888e-01 -1.30744195e+00 -2.00664312e-01
   1.66867256e-01 -1.57276118e+00  2.69242358e+00  8.04340482e-01
  -3.56110001e+00 -8.80501628e-01 -8.21289361e-01 -8.86153758e-01
   6.16448164e-01 -8.46745074e-01 -1.02581549e+00  2.11316729e+00
  -1.04136705e+00 -1.64511728e+00  1.57280767e+00  1.77840590e+00
   1.75515580e+00  2.12474060e+00  1.32487103e-01 -2.35792994e+00
  -3.79854083e+00  5.17402887e-01  7.22135842e-01 -8.57170522e-01
   1.19654560e+00  2.39734173e+00 -2.39201951e+00  1.75179660e+00
  -4.14355844e-01 -9.70032275e-01 -1.06934786e+00  1.12541270e+00
  -1.15834606e+00  1.63422048e+00  6.22532517e-02 -2.21343249e-01
  -2.49882841e+00  9.21620071e-01 -2.63524914e+00 -7.70223320e-01
   3.64149046e+00 -9.78766561e-01  1.07842493e+00  2.81554365e+00
   2.54141450e+00 -3.33339810e-01 -2.13012362e+00 -2.66894668e-01
   3.15384960e+00  3.20621443e+00  2.59855652e+00  3.60797071e+00
  -3.62201905e+00  1.48872748e-01 -2.51298785e-01  1.80364442e+00
   2.96326399e+00 -1.47426260e+00  8.13892663e-01 -1.58007407e+00
   3.31475329e+00 -1.00365007e+00 -3.86751175e+00  2.77100086e+00
   2.03980923e+00 -2.28405023e+00  1.40067923e+00 -4.00142813e+00
   1.48321533e+00  4.57553506e-01 -6.89248443e-01  1.97078705e+00
  -5.66485882e-01 -8.62670302e-01  2.90294290e-01 -4.28591967e-01
  -1.86597228e+00  1.14737749e+00  2.27260494e+00  4.20830846e-01
  -2.39508104e+00  3.58034968e-01  1.41416658e-02 -6.65789604e-01
  -3.68917942e-01  3.53755140e+00  3.80886406e-01  3.74242902e+00
  -5.00731277e+00 -4.51338887e-01  7.26909280e-01 -9.63802338e-01
   3.89623433e-01 -1.49494624e+00 -1.42686415e+00  4.51276922e+00
   1.92373359e+00  1.49837470e+00  8.07979524e-01 -2.25278854e+00
   1.49139369e+00  6.56857491e-01  3.30138236e-01 -4.98809397e-01
  -1.85957298e-01  9.34887469e-01 -2.86822605e+00  7.68986940e-01
  -2.26684570e+00 -5.32061636e-01  5.51537371e+00  9.83126938e-01
   5.08721411e-01  1.46099365e+00 -1.37540305e+00 -3.11646605e+00
   2.24629450e+00 -4.75947112e-01  1.65916729e+00 -1.88489592e+00
  -2.95106506e+00  7.00736344e-01 -3.71366382e+00 -1.66270208e+00
  -1.26994383e+00  1.80800840e-01 -2.73479414e+00 -1.97847199e+00
   4.22829956e-01  8.70328188e-01 -2.88370943e+00 -1.05103111e+00]]",[[0.66591877]]
428,3493,"Cartlidge and Browne, Chardonnay, North Coast, California, USA",White Wine,United States of America,California," Muscat Canelli , Chardonnay ",0,0,17.95,2019,"Flavours of pear, melon and light citrus with aromatics of straw,lemon and oak tones of sweet caramel and hazelnut.",,https://www.alliancewine.com//images/products/BOTTLE_1826.png?mode=pad,"['pear', 'melon', 'light_bodied', 'citrus', 'straw', 'lemon', 'oak', 'sweet', 'caramel', 'hazelnut']","[[-2.5421443   4.360342    1.7555656   0.58168036  2.3132145  -0.87243766
   3.8354747  -0.04170324 -0.43842524  2.90989    -0.9466488  -1.3602113
   0.6782808  -1.3323787   1.0833883   2.0645885  -0.04036522  6.109727
   3.0314834   1.703912   -3.809721    1.5817626   1.5050482  -1.5435597
   2.3953435  -0.61451113  1.4899998  -1.8919468  -1.1030581   2.5938034
   1.021617   -0.7894889   4.5418787   0.8471634  -1.7874696   1.6227267
  -1.6506679   4.7971063  -2.2709641   2.7434087   3.5954976   0.28053755
   1.4494369   2.0029695  -4.3496857  -2.617453    1.4508823  -4.3081503
  -4.1579165   0.5677868  -0.9691963   0.36099127  1.8958776   1.9514713
   0.12606053 -1.2806522   2.1847148  -4.07528     0.17293818  0.23463099
   4.7357826  -0.3268278   1.8037641  -0.28622335  0.8474749  -4.7301393
   3.4730148  -1.9227209   0.75735843  2.8960207  -0.3680318   0.3535625
  -0.6481277  -1.6365297   2.9523463   3.114263    1.2119852   1.8173918
   4.323716   -1.8215691   1.0558745  -0.94235957  0.5843413  -4.64437
  -5.294247   -0.29564443  3.0394454   4.5945067  -3.3609567  -4.0088153
  -0.54711705  2.2417321   1.3121344   0.548783   -3.7330182   0.23027065
  -2.3863435  -1.1366341   1.9450794  -4.460528    0.39373592 -0.07511263
   1.122103   -1.7354956   2.3282611  -0.6231825  -3.1356452   0.6706577
   1.2381169  -2.2410533   0.17929618 -1.539108    2.2587981   0.0553767
  -0.29063582 -0.7983669   2.618776   -3.1745684  -2.7314858   1.0366193
   1.4165779   0.92805946 -0.48308477  3.000009    0.9839258   1.9208267
  -0.8472079   2.2421935   0.16847324 -3.0590444   2.236028   -3.118571
  -2.3114026   4.085351    0.3762799   0.4345959  -0.54619515 -0.38147074
  -0.13245544  3.6865718  -6.1383243  -6.1130943  -1.5647304  -4.3803306
   1.4560483   0.77586794 -0.00929378  2.5723362  -1.5003347  -0.11316838
   3.273072    3.2225432  -0.41630775  1.8509926  -1.6883221   3.1637654
  -1.9454244   1.3590806  -4.3613048  -3.227946    0.5304698   2.424565
   0.69992435 -2.9282308   3.0001357   3.1892998  -1.3783474   1.9173353
  -0.55787504 -3.2722237   1.7818129   1.5559685  -4.1637926  -1.2915596
  -1.8834082  -1.2923694  -0.42407998 -1.5102367  -2.080875    7.217766
   2.3695273  -3.6495163   0.6746923   2.2190254   4.6899843   2.0621617
  -0.45010385 -1.5784028  -0.8325919   1.1336365   0.8882591  -2.1329648
   1.5803792   4.84735    -3.1024175  -0.61579674  2.4061837  -2.8096015
  -0.31908646 -1.2304647  -0.30342075  1.4310347  -1.6005961  -0.3174376
  -1.0601231   1.6198734  -0.8899539   2.128879    5.304631    1.1128596
  -1.0764372   5.4263783   3.0427315   2.7342248  -3.2274175  -0.625006
   1.9156578   2.485609    0.8509073   0.9757681  -4.776246   -1.892198
   1.3787299   0.27472252  4.832451   -4.0202456   2.6738343  -1.6543124
   2.9432707  -1.7688825  -2.6089368   0.31920022  2.0987773   1.0920082
  -1.9711008  -3.6423054   2.3737576  -0.96555215 -0.8131782   4.1971564
   0.12568882  0.6428402   2.6499884  -0.4067692  -3.3070636  -2.8810196
   2.4079964   0.6636019  -2.2292542  -0.50561535 -0.5050987  -4.0122313
  -0.22974785  4.698386   -0.12178459  2.4831672  -5.861644    2.314579
   0.6810842  -1.1188323  -0.27232665 -0.6577033  -1.4436916   5.824235
   5.029409    3.2486434   1.6422689  -0.5713523   0.46473742  0.26060715
   2.0121384   1.4190613   0.80075675  0.04296656 -1.7444366   0.8048912
  -2.2188785   1.002389    4.8754826  -1.3849423  -0.7314018   0.13810697
  -1.2232594  -3.7340667   3.362695    1.5289257   2.6130145  -1.8103569
  -1.9946191   1.2332402  -4.481434   -0.05849371 -2.0792055  -2.6274004
  -4.3684287  -2.2017698   2.0197022   1.9759163  -4.4463463  -0.58383054]]",[[0.66463286]]
482,3439,"Cantalapiedra Viticultores, Lirondo, Vino de Mesa de Castilla y Léon, Spain",White Wine,Spain,Castilla y León,Verdejo ,4,4,16.45,2020,"Wines don't come more natural than from Isaac Cantalapiedra, the Lirondo has an appealing nose of bakery and brioche followed by apple notes. The palate is large and voluminous with a lovely mineral character. Good balance between acidity, bitterness and fruit.",,https://www.alliancewine.com//images/products/BOTTLE_3411.png?mode=pad,"['brioche', 'apple', 'minerality', 'bitter', 'fruit']","[[-0.31152496  2.758461    0.5971004  -3.115455    0.53304434 -3.5338383
   0.94911224  0.86011887  0.4324568   3.7095559  -2.4471424  -2.2688804
  -0.06073692  0.9495133   1.5701945   3.410518   -1.8439121   3.9280953
   2.3332124   0.14427283 -3.072885    1.0915749   2.8381085  -1.6830155
   1.1923919   1.3374565   0.43709245 -3.1314473  -2.091226   -0.07705192
   0.05676196  0.80120486  3.8210979   0.3729424   1.1249635  -0.03706814
   0.16548833  2.7822304  -1.3326457   1.508097    1.078662    0.26356006
  -2.2475789   3.9957924  -2.7778158  -2.1653473  -1.9237814  -5.6705885
  -3.0660439   0.40187842  0.9180319  -1.2133086   0.1058016   2.092711
   1.2730377  -0.06292019  1.3393128  -3.0701032  -2.980249    1.6825415
   7.302649    0.4166271   1.5825106  -0.48043737  0.9756603  -4.2620754
   3.9290824  -2.549417   -0.3072369   1.2366817  -0.2189126   2.2043588
  -0.23575945 -0.1392076   2.7172725   2.055968    4.806199    0.9684173
   4.0066786  -1.6355975   1.0229784  -2.2847266   1.1369927  -5.332885
  -4.999979   -0.21783917  1.5073245   4.661525   -2.2447238  -0.84504604
   0.41887513  3.666373   -0.76177174 -0.48740196 -1.5252068  -0.30742797
  -1.4765829  -2.3576143   1.9384657  -2.0681202  -2.1136699  -2.31004
   1.1862137  -0.8873957   0.8856281  -0.36196795 -0.04417057 -1.3681884
   0.2584055  -4.2328796   4.67202    -1.2103719   2.7807202  -0.07305872
   0.21681479 -2.2931046  -0.35777012 -3.8494759  -3.9354954   2.2792385
   3.4290376   0.31915694 -0.07795737  0.5113317   0.3943139   0.07851084
   0.33572203  1.454958    1.2811023  -3.1859097   0.83551395 -2.4319167
  -4.452525    2.438572   -1.6567032   0.699832    0.82833225  1.6295881
   2.5248706   4.196277   -6.3523774  -6.99496    -1.0728923  -0.8487419
  -0.20890689 -0.48833627  0.49544477  2.122869   -2.2201498   0.6758329
   4.2611794   3.4050312  -0.840813    1.9963076  -1.817364    2.7481549
  -1.6244196   1.4381213  -2.8452108  -3.5236835  -0.78396785  2.2856736
   0.7137693  -5.6848106   1.7500536  -1.6915194   0.32103705  1.0777628
   1.0912756  -0.20191483  1.74946     4.4165115  -4.440972    0.0295845
  -1.3165859   1.1689646   0.81040895 -0.52413523  1.610227    5.0324545
   0.61476827 -1.6846406   1.4982464   2.0429208   0.67409384  0.9009155
  -3.999099   -0.3553564  -2.2196455  -0.17199293 -1.3078142  -3.1933522
   0.50249255  3.6804233  -4.0108566   1.8820826  -0.43735853 -1.1362339
   2.2580028   0.7711795  -1.2767084   1.9733499  -2.5570965   0.01352377
  -1.0139182  -1.2524035  -2.4678528   0.73683393  5.1677485  -0.20995621
   0.6281459   3.8999577   3.0378716   1.7942976  -3.119573    2.1663263
   2.469691    4.136977    0.41928625  3.1628122  -3.9219093  -2.790734
   2.1900678  -0.3480143   2.435348   -2.1167464   3.7298992  -1.481765
   0.2569913  -1.6956002  -2.5003982  -0.9639676   1.63928    -0.37137574
   0.2701786  -7.39336     3.3018746   0.61708     0.0159826   3.759486
   0.29170117  2.2176895   1.1535985  -0.49233943 -1.1380494  -1.446902
   2.291607   -1.6923544  -0.15760715 -0.4861473   1.3981259  -2.9227552
   1.0985143   3.8624852   4.710617    2.8476768  -6.366211    0.02516159
   1.9742635  -0.05509795 -0.20174272 -3.2944217  -0.657627    3.7719414
   3.974284    2.993584    1.6521051   0.8123186   2.861688    0.6030754
   2.158402    0.4609716   0.15717289  0.27402288 -4.4278536   4.0398183
  -0.5926219   0.6442354   3.5907445   1.1418202  -1.918865    0.4956375
  -0.7095713  -2.6068408   4.5435953  -0.2800339   0.92741233 -1.9245136
  -0.5854825   1.2028137  -3.2237575  -1.208737    0.24842    -4.178294
  -0.8379178  -2.3426888   2.8512511   2.708933   -3.3696828  -0.6780539 ]]",[[0.5774523]]
23,3898,"Cantalapiedra Viticultores, Majuelo La Otea, Pie Franco, Vino de la Tierra de Castilla y Léon, Spain",White Wine,Spain,Castilla y León,Verdejo ,4,4,46.95,2017,"A harmonious combination of baked apples, dried herbs and chamomile flower, with a struck-match minerality. It has a mighty savoury palate: umami, refreshing acidity and a nice bitter finish.",,https://www.alliancewine.com//images/products/BOTTLE_3912.png?mode=pad,"['baked_apple', 'dry', 'herb', 'minerality', 'umami', 'refreshing', 'bitter']","[[ 8.89689386e-01  1.64622974e+00 -1.37509072e+00 -4.71451342e-01
   6.58747196e-01 -2.78586698e+00  1.12191641e+00 -4.19867374e-02
   9.21817482e-01  2.03027201e+00 -1.25828075e+00 -2.14885855e+00
  -3.64074439e-01  2.22678736e-01 -1.53773868e+00  4.68627930e+00
  -1.56619060e+00  2.18761492e+00  2.46200824e+00 -6.24688148e-01
  -1.47910988e+00  1.29138672e+00  2.41689515e+00 -3.69609714e+00
   1.88928568e+00  6.27955496e-01  2.50542283e+00 -4.46252584e+00
  -2.43921232e+00  2.46252012e+00  2.73310089e+00 -9.86485124e-01
   3.01073861e+00 -4.24091995e-01  1.42634317e-01  2.27937698e-01
  -4.51831073e-01  4.63411236e+00 -8.75081122e-01  1.44699132e+00
   1.78241754e+00 -4.12362397e-01 -2.49923086e+00  5.21837139e+00
  -1.10278404e+00 -4.55823708e+00 -3.68830156e+00 -2.41322207e+00
  -1.66986096e+00  5.29892385e-01 -9.96172309e-01  1.19085896e+00
  -1.01916924e-01  2.20011282e+00  5.97301200e-02 -5.35007179e-01
   9.89310086e-01 -2.00170183e+00 -1.65628517e+00  1.19897401e+00
   5.51464939e+00  2.26697016e+00  2.17747474e+00  1.73037624e+00
   3.73553962e-01 -1.80759835e+00  5.01842022e+00 -3.12403822e+00
   2.79738992e-01  1.46460330e+00 -7.37389997e-02 -1.27276350e-02
  -2.50568223e+00  5.52319288e-01  1.39230812e+00  6.63461536e-02
   2.71447182e+00 -1.08657157e+00  3.50317192e+00 -2.92155194e+00
   6.08938575e-01 -2.33390570e+00  3.37133765e+00 -5.03725719e+00
  -3.25995183e+00 -9.19542849e-01  1.55270076e+00  2.54539466e+00
   5.85299015e-01  1.43921697e+00  1.03489661e+00  3.13683558e+00
  -1.54178560e+00 -1.14334118e+00 -1.81572229e-01  5.66043973e-01
  -1.69445121e+00 -3.56258655e+00  1.73751485e+00 -3.54637647e+00
  -1.26551938e+00 -1.58177340e+00 -1.35468805e+00 -1.60900283e+00
   2.09553409e+00 -1.26935446e+00  9.61620212e-01  3.69848520e-03
   1.13713086e+00 -4.53258133e+00  3.14390206e+00 -3.34194875e+00
   3.29213786e+00 -8.37769508e-02  5.23580194e-01 -1.54617083e+00
  -2.81768274e+00 -1.93128240e+00 -2.37346458e+00  7.47223198e-01
   1.25017107e+00  1.54687762e+00 -6.13886833e-01  1.16854632e+00
   2.84752429e-01 -1.74976814e+00  2.78935218e+00  2.01343036e+00
   1.01346147e+00 -3.14553428e+00 -3.43986899e-01 -2.04803824e+00
  -2.71443892e+00  4.19376516e+00 -1.65757966e+00  4.09268045e+00
   7.27380216e-01  6.49783611e-01  8.63430873e-02  3.40803361e+00
  -4.62528324e+00 -3.81615877e+00 -2.16768950e-01 -2.29252434e+00
  -9.16280150e-01 -3.18993479e-01 -1.64496496e-01  1.07672393e+00
  -2.43612885e+00 -7.05444932e-01  3.82487345e+00  2.98935485e+00
  -2.34380364e+00  2.42547560e+00 -1.42018974e+00  2.27175546e+00
  -1.61077154e+00  1.15066886e+00 -2.30900788e+00 -2.44678617e+00
   7.97406305e-03  1.35175705e+00  1.16596007e+00 -6.08912897e+00
   1.05832553e+00 -8.67240131e-01  3.09245199e-01 -1.11242425e+00
   1.36130944e-01  7.98755825e-01  1.75257432e+00  3.00776124e+00
  -4.59075451e+00 -1.54116705e-01 -1.59755719e+00  1.69455409e+00
   6.46742404e-01 -1.93832779e+00  8.48425508e-01  4.36461926e+00
  -4.04209405e-01 -6.86184466e-01  2.99251437e+00  1.42173684e+00
   1.65067649e+00  2.10145116e+00 -1.59256113e+00 -3.35335660e+00
  -1.59415936e+00  1.87934649e+00 -1.43872273e+00 -2.53173947e+00
   3.85020189e-02  1.97279382e+00 -3.64174604e+00  2.68524736e-01
  -8.21276367e-01 -4.57392216e-01  3.35133553e-01  1.53795493e+00
  -1.14409828e+00  1.51776767e+00  4.06743258e-01 -5.78010678e-01
  -1.14142072e+00  3.14405233e-01 -2.77780485e+00  1.62317768e-01
   4.31717157e+00 -7.15177834e-01  1.46904790e+00  2.25485563e+00
   1.85834730e+00  1.08921432e+00  3.21513601e-02  2.10370660e+00
   1.71302235e+00  4.37513781e+00  1.66091728e+00  3.91417837e+00
  -4.16647959e+00 -1.32482910e+00  8.51923645e-01 -5.54471076e-01
   1.47992647e+00 -1.92138270e-01  2.75241232e+00 -1.10495961e+00
  -4.87834156e-01 -1.54126036e+00 -3.86403990e+00 -6.25763059e-01
  -4.39899623e-01 -8.14744592e-01  2.12417960e+00 -4.42582989e+00
   4.56021404e+00  1.81164131e-01 -1.19032776e+00  2.46555495e+00
  -1.26612985e+00  2.97641969e+00 -1.70429385e+00 -4.59948778e-01
  -1.14426231e+00 -6.05925024e-01  1.32732224e+00 -2.23266029e+00
  -5.22561610e-01  5.38549244e-01 -3.22293758e-01 -1.35350406e+00
   1.02150929e+00  3.39816546e+00  2.25083518e+00  4.70489073e+00
  -4.96016979e+00 -5.98788619e-01  2.60333800e+00 -5.06218016e-01
  -7.28414595e-01 -1.00498700e+00  1.44767299e-01  3.23220277e+00
   2.45798635e+00  1.91757190e+00  6.88507497e-01 -3.64314049e-01
   2.06965995e+00  1.70513749e+00  1.03309178e+00 -3.66288126e-01
  -1.17976463e+00  2.79557467e-01 -2.37875056e+00  3.42212272e+00
  -8.98471236e-01  2.94311941e-01  3.18098617e+00  2.47410727e+00
  -1.28249741e+00  2.43450031e-01 -2.57136750e+00 -1.73427069e+00
   2.36946821e+00 -6.42677426e-01 -1.09050071e+00 -1.82535386e+00
  -5.73233604e-01  1.36877751e+00 -4.92625475e+00 -1.22260833e+00
  -1.70265400e+00 -2.84282708e+00 -4.02723074e+00 -4.33416224e+00
   2.80641794e+00  1.79119360e+00 -1.31550956e+00 -4.32590008e+00]]",[[0.54541343]]
76,3845,"Quinta da Costa do Pinhão, Branco, Douro, Portugal",White Wine,Portugal,Douro,Old Vine Field Blend ,0,0,36.95,2016,"This golden coloured wine has a welcome reductive nose with hints of mineral, gunpowder and stone combined with delicate fruits, citrus and white flowers. Excellent acidity, minerals and herbal touches on the palate this is complex and intense with a lovely long finish.",,https://www.alliancewine.com//images/products/BOTTLE_3859.png?mode=pad,"['gold', 'reductive', 'minerality', 'stone', 'fruit', 'citrus', 'white_flower', 'minerality', 'herb', 'complex']","[[-0.35536417  1.816049    2.628621   -3.362184    1.9229342  -1.3619978
   3.3152614  -1.2588593   0.9088394   2.9094594  -0.68565303 -1.7963436
   0.5040555   0.02805843  1.4766655   2.1490767  -1.5767643   1.8356159
   2.8581803   2.6257157  -4.055167   -1.129529    0.6923119  -2.4678867
   1.5393589  -1.014731    1.8159624  -3.7162457  -2.1453881   3.6228433
   0.74032235  1.1371213   2.3364806  -0.5886618  -2.1322725   0.46895623
  -0.23752303  3.1148124   0.4894269   1.7902822   0.46107927  2.064647
  -0.4878839   2.88225    -3.266739   -4.0303087   0.13555448 -1.6129624
  -5.3197203   0.6548001   0.7773592   1.3120124  -1.8463955  -0.17813961
   0.03841747 -1.4656396   3.675919   -1.2607768  -0.34349966  0.14158204
   2.6503873   2.6635163   2.6095853   1.883091    0.8829174  -1.9121755
   2.3883634  -2.6691873   0.9488945   4.041831    0.95569277  0.85256547
  -2.1424842   0.53588635  2.8662512  -0.32273453  2.1850247   1.969932
   5.391409   -1.7901514   1.5008242  -1.4630766   0.5465959  -2.9131262
  -3.6650124   1.1211131   5.4959064   4.3860826  -1.5540302  -0.43117267
  -0.95846236  2.598308    0.64464056  0.06089153 -3.005661   -0.43493462
  -0.87764186 -0.8195524   0.47433048 -1.6920475  -0.50140345 -1.453901
   2.1510086  -2.8512769  -0.10980392 -0.71033514  1.0927904  -1.1870469
   1.1830266  -2.4024918   2.0220492  -1.7203805   0.6268702   0.9293895
   1.5078455  -0.708634    0.82426816 -0.53747684 -4.0348053  -0.7426554
  -0.6850108   1.4761546   2.5939102   2.926187    0.7939647  -1.9077156
  -1.0123284   2.6500964   0.40013885 -3.4260297   1.4791213  -1.8973938
  -1.314986    3.3752124  -2.0537162   2.4537306  -2.0427938  -0.3752504
   0.13334373  1.2485491  -4.0606794  -4.4496727  -1.1241906  -4.504054
   1.0760297   0.06487001 -0.04589543 -0.7477819  -3.2101464   0.34358376
   3.6491942   3.6486595  -2.1624982   2.9331431  -0.8428389   0.46490002
  -2.4370437   0.8106675  -2.216258   -2.2531447  -1.8923044   1.7166824
   2.708588   -4.1025944   0.9482161   1.7852194  -1.0097389   0.5098069
  -2.5508785   0.06307566  2.9752414   1.393339   -3.6145597  -1.3636132
  -1.3017328   0.58833104  1.2344714   0.19250198 -0.33762074  3.882695
  -1.2439644  -1.9073641   3.2357044   2.420662   -0.41593575  0.708454
  -1.7130544  -1.3976038  -2.1673388  -1.9902776   1.1243085  -0.21112566
   2.5419128   1.3780519  -2.5909085  -1.6541312   0.169386   -1.9170847
  -1.6306576   1.9618242   0.36906254  2.9474864  -0.76342297 -0.48575133
  -2.4778206   0.79834145 -2.512785    1.9279959   7.161933   -0.23661475
   0.2437365   3.7367015  -1.1059265   1.0567585  -2.8681495  -0.02578164
   2.7855716   0.7590128  -0.12615772  0.6852819  -2.4694345  -1.964366
  -0.830486    1.7479366   2.786057   -2.8408027   2.2554934  -3.5441513
   2.6535542  -2.1594176  -2.8208752   1.902333    2.624985   -1.693252
  -1.3242071  -1.8517206   3.1739717   0.60159296 -0.19726454  4.541606
   1.7742863   0.11464006 -2.230865   -0.7702707  -2.5463347  -0.53060037
   3.8037293  -0.1105279  -0.9413694  -0.4703272  -0.2454404   0.9588173
   1.5203086   3.1720207   0.50688565  5.4738784  -3.958242   -1.8321478
   3.1287026  -1.5350089   1.4479221   0.20341234 -1.9502071   4.647343
   1.9127789   4.468615   -1.6479212  -1.0744933   3.2172241   0.09767342
   2.231873   -1.9746592   1.0790863   1.3276726  -2.3114738   3.3745313
  -5.265128   -1.1699748   5.2357097   1.4065466  -1.958321    0.31045923
  -1.4617746  -3.0614474   3.5923305   2.6975977   1.2454946   0.5260895
  -2.6058173  -1.8885349  -3.4435172   0.44579324 -0.38245177 -2.346769
  -1.1847692  -2.0134826   2.613959    3.7625537  -0.9460045  -1.7453263 ]]",[[0.5173513]]
855,3066,"Bodegas Manzanos, Finca Manzanos Blanco, DOCa Rioja, Spain",White Wine,Spain,DOCa Rioja," Chardonnay , Viura ",4,3,10.45,2020,"Bright yellow with hints of gold. Fresh aroma of fruit, such as apricot. Rounded, long and pleasant on the palate.",,https://www.alliancewine.com//images/products/BOTTLE_7413.png?mode=pad,"['bright', 'yellow', 'gold', 'fresh', 'fruit', 'apricot', 'round']","[[-9.14636910e-01  1.42242241e+00  4.49957514e+00  1.04650006e-01
   4.48875141e+00  2.40302539e+00  6.71730578e-01 -1.49658069e-01
   1.24675143e+00  3.47675371e+00 -4.03748751e+00 -2.83626795e-01
   2.08312541e-01 -4.23694563e+00  2.39362216e+00  5.01358926e-01
  -2.04701853e+00  5.09669495e+00  2.36297035e+00 -8.24856460e-01
  -2.23702097e+00  3.77232146e+00  1.22748590e+00 -4.70732182e-01
  -8.94844413e-01  9.22143638e-01  2.85349393e+00 -8.84619057e-01
  -3.02225444e-02  3.50811601e+00  9.56375659e-01 -6.32646561e-01
   2.99207473e+00 -1.06475997e+00 -2.85695648e+00 -4.18931574e-01
  -2.43530464e+00  2.60836196e+00  2.12456301e-01  1.37263644e+00
  -1.59723568e+00 -4.70546156e-01  1.00314033e+00  3.67021871e+00
  -2.67706299e+00 -1.76410651e+00  1.24637163e+00 -5.32115316e+00
  -1.42715335e+00  3.38896346e+00 -1.91254616e-02  1.46273345e-01
   1.64125693e+00 -9.61480677e-01  1.72809350e+00 -2.44583559e+00
   3.01848006e+00 -4.43994713e+00 -1.00945222e+00 -2.15843439e-01
   4.06385756e+00 -3.83739662e+00  2.25177836e+00 -1.05005658e+00
   1.18596756e+00 -2.56958389e+00  4.35343409e+00  1.27290606e+00
  -2.01707229e-01  6.26854086e+00  3.01311541e+00  3.47230703e-01
  -5.36567450e-01 -3.09521139e-01  2.15894723e+00  1.72949874e+00
   1.79123378e+00  2.39529681e+00  7.52052844e-01 -8.66869628e-01
  -6.76103234e-01 -1.50146633e-01 -1.33553779e+00 -3.97048116e+00
  -5.54943562e+00 -5.19598126e-01  2.40399671e+00  2.38119268e+00
  -3.26374698e+00 -4.16436005e+00  1.20064318e+00  3.21747637e+00
   1.18189240e+00  2.73822933e-01  3.34741652e-01  1.34166813e+00
  -2.77043009e+00 -2.62619168e-01  3.11598867e-01 -2.89720917e+00
  -2.72839338e-01  1.24243057e+00  3.08463669e+00 -2.02884650e+00
   2.47545052e+00  8.22462022e-01 -3.78983474e+00  1.08556187e+00
   3.11237127e-01 -2.71718907e+00 -3.64993721e-01  4.39423323e-03
   1.73190296e+00  5.35121799e-01  7.34859049e-01  7.05413759e-01
   3.32998013e+00 -6.43819690e-01 -4.03198195e+00  3.46229412e-02
  -1.18905771e+00  2.64744616e+00  3.88471186e-01  1.88248742e+00
   2.54294777e+00 -2.40082526e+00 -5.95125318e-01  1.24855411e+00
  -1.76554239e+00  1.98724270e-02  2.56155753e+00  5.48294902e-01
  -1.42040062e+00  1.19256246e+00 -2.99512482e+00  2.16211009e+00
  -1.08657551e+00  1.91396677e+00  1.30399391e-01  2.30525327e+00
  -4.89563704e+00 -5.13102770e+00 -2.97527045e-01 -7.78562975e+00
  -1.63110033e-01 -1.21672904e+00  7.04649270e-01  1.80435157e+00
  -6.40377641e-01  1.29454792e+00  1.62451112e+00  4.00066710e+00
  -3.95428866e-01  1.71581864e+00 -2.34122229e+00  3.63788344e-02
  -3.19428587e+00  1.29312909e+00 -1.60744655e+00 -3.60026169e+00
  -6.42364502e-01  1.01038527e+00  1.85188735e+00 -4.74949932e+00
   2.73898530e+00  4.46039486e+00  2.14676261e+00  2.46316743e+00
  -1.21688294e+00 -2.64335942e+00  1.73297918e+00  1.46591747e+00
  -1.55485344e+00 -1.96867943e+00 -5.93572199e-01  1.10646164e+00
   2.69652247e+00  9.63647187e-01  1.05530970e-01  3.27461076e+00
   2.97655487e+00 -9.18853343e-01  2.92773104e+00  2.53442788e+00
   2.40097737e+00  1.19948590e+00 -1.28046358e+00 -2.19159937e+00
  -3.71757388e+00 -3.23981023e+00  2.95478392e+00 -4.52514365e-02
  -1.62174866e-01  1.37288773e+00 -1.49936163e+00  4.73283619e-01
   2.38751864e+00 -3.57093287e+00 -2.08927679e+00  1.30046821e+00
  -9.97252762e-01  3.31428194e+00 -4.20106220e+00  1.24503767e+00
  -2.28760266e+00  2.73126662e-01 -9.91359651e-01  2.37951350e+00
   7.81799746e+00 -1.48054695e+00  3.37370849e+00  3.75082445e+00
   2.18282890e+00  7.89800942e-01 -4.33438253e+00  1.75727618e+00
   2.88960934e-01  2.69952154e+00  2.54747748e+00  1.38709664e+00
  -5.12776184e+00 -1.83910179e+00  1.94691920e+00  2.26456594e+00
   4.91947031e+00 -3.68252695e-01  2.29560018e+00 -1.36311173e+00
   3.30808210e+00 -6.94789410e-01 -4.77753115e+00 -1.02791393e+00
   4.51576853e+00 -2.69053221e+00 -2.65733600e+00 -5.26779318e+00
   2.96887827e+00  8.14788520e-01  7.40155697e-01  2.99327683e+00
  -1.90548792e-01 -3.59520735e-03  7.13234782e-01  1.37457669e+00
  -3.10606742e+00 -2.64978743e+00  8.93461764e-01  1.99982131e+00
  -1.75316107e+00 -2.71685028e+00  3.18716258e-01 -5.53603828e-01
  -1.29018784e+00  5.40325069e+00 -6.75609171e-01  2.87544394e+00
  -4.30647707e+00  1.06627285e+00  2.76908350e+00 -1.52750894e-01
   4.71262455e-01 -1.25958920e+00 -4.84992892e-01  6.50472641e+00
   2.81666899e+00  3.08678889e+00  1.71103954e-01 -3.74326205e+00
   1.87667406e+00  1.19957221e+00  9.35466230e-01  8.11029136e-01
   1.86798394e+00 -5.44646442e-01 -4.48324823e+00  5.79058766e-01
  -4.66197062e+00  2.62071919e+00  3.82880569e+00  1.68469977e+00
  -1.82598054e+00 -5.85151650e-02 -1.08977199e+00 -3.29430008e+00
   3.22876334e+00 -1.11814451e+00  2.00675917e+00  7.51935780e-01
  -3.89610314e+00 -6.62668705e-01 -2.62679625e+00 -3.02859843e-01
  -1.47178471e+00 -2.47944999e+00 -1.53099501e+00 -1.40648052e-01
   6.76082492e-01 -9.66162801e-01 -1.63649690e+00 -9.66201186e-01]]",[[0.43963534]]
379,3542,"Guerila, Zelen, Primorska, Slovenia",White Wine,Slovenia,Vipava Valley,Zelen ,0,0,18.95,2020,"Light green colour with yellow hues, brilliant. Strongly expressed varietal characteristics. An aroma of Mediterranean herbs - bay, rosemary, thyme – combined with fruity and floral notes. A delicate, mineral wine with just the right balance of freshness and smoothness.",,https://www.alliancewine.com//images/products/BOTTLE_2591.png?mode=pad,"['light_bodied', 'green', 'yellow', 'brilliant', 'meditteranean_herbs', 'fruit', 'flower', 'minerality', 'fresh', 'smooth']","[[-1.8588072e+00 -1.1839536e+00  3.4145474e+00 -1.1530348e+00
   1.1478201e+00  2.3011737e-01  4.3885621e-01 -2.1042123e+00
   3.3314908e-01  2.4529719e+00 -1.1971862e+00  2.0272472e+00
  -2.2070226e-01 -7.8060144e-01  1.8641975e+00  2.4793553e+00
  -2.2912135e+00  1.6979008e+00  1.8760560e+00 -3.2660961e-03
  -2.2529888e+00  2.5178176e-01  2.7242820e+00 -4.1039586e+00
  -3.1479946e-01  8.1857598e-01  2.7840409e+00 -1.6259342e+00
  -1.2686560e-01  4.6525521e+00  1.1367157e+00 -6.2841326e-01
   3.5804868e+00 -5.2624685e-01 -3.4289012e+00  1.2182551e-02
  -1.3910840e+00  1.7633657e+00  1.1380680e+00  1.3006811e+00
   4.3410510e-01  6.6783893e-01  2.7938706e-01  3.5080771e+00
  -1.4901116e+00 -1.9473677e+00 -7.1439534e-01 -3.0955603e+00
  -1.6081686e+00  9.4500905e-01 -3.2312649e-01  3.9750910e-01
   3.3811289e-01  8.4764194e-01  1.5351486e+00  7.7943563e-02
   2.5968268e+00 -2.2975137e+00  1.2919970e+00  4.9503636e-01
   2.9337115e+00  1.4900590e-01 -3.0418739e-01 -5.5800420e-01
   2.1253057e+00 -1.8173864e+00  1.5809319e+00  7.8924072e-01
  -8.0662869e-02  4.5490508e+00  2.1937244e+00 -1.8795166e+00
  -1.7828954e+00  1.6763960e+00  1.3833164e+00  1.6271782e+00
   2.5994732e+00  3.3764377e-01  2.4303186e+00 -1.6147861e+00
   1.0425049e+00 -9.9313438e-02  6.1911774e-01 -2.2341907e+00
  -3.8608296e+00  1.4838107e+00  2.6991258e+00  1.6901897e+00
  -1.0441177e+00 -1.0045258e+00  3.7262064e-01  2.2460060e+00
  -1.2001355e-01  7.2566545e-01 -6.4258263e-02  8.3581579e-01
  -3.3777912e+00 -3.5882908e-01  3.2794991e+00 -1.4631870e+00
  -6.4618158e-01  1.7662252e+00  2.1838653e+00 -3.7197239e+00
   1.8650246e+00 -1.3426363e+00 -1.2505202e+00  2.1803212e-01
   2.1626275e+00 -4.3040133e+00  9.7842759e-01  4.5642775e-01
   9.8843974e-01  3.2081357e-01  2.3054869e+00  5.1741005e-04
   2.1109471e+00 -7.9947197e-01 -1.5881960e+00 -1.6487405e+00
  -2.0587800e+00  1.2104137e+00  1.1971867e+00  2.5847864e+00
   1.6287529e+00 -1.3973310e+00  1.3889433e+00  3.4392244e-01
   9.5543873e-01 -3.0493128e+00  3.9940000e-01 -1.3523375e+00
  -2.0576046e+00  3.4850299e+00  5.4914731e-01  1.5279269e+00
  -7.9926871e-02  7.1355587e-01  1.5430911e+00  1.6057899e+00
  -4.2843475e+00 -3.5811367e+00  2.0040002e-01 -4.9805136e+00
   9.7984254e-01  2.9713669e-01  1.3820791e+00  3.2492397e+00
  -2.2669482e+00  1.8727658e+00  2.3209715e+00  3.4548936e+00
  -1.5188820e+00  2.0508013e+00 -1.5767200e+00  1.3285373e-01
  -1.2134430e+00  1.6883037e+00  6.1067814e-01 -1.9575678e+00
  -4.9380904e-01  1.3759654e+00  2.6541722e+00 -2.8561754e+00
   1.5606296e+00  7.9214972e-01  2.0363173e-01 -7.8190798e-01
   2.9830387e-01 -2.1090388e+00  3.3000748e+00  2.1311448e+00
  -2.0194857e+00 -1.1082922e+00 -1.3114851e+00 -4.0794978e-01
   2.1057763e+00 -1.7720207e+00  1.0248847e+00  2.2486763e+00
   9.4833595e-01 -8.3405066e-01  3.2468662e+00  1.0285637e+00
   1.1685126e+00  6.0072863e-01 -2.5258121e+00 -2.8655267e+00
  -4.9895058e+00 -1.6964819e+00  1.2023658e+00 -2.1743758e+00
   1.1885082e+00  1.9664310e+00 -1.9011730e+00  6.0618961e-01
  -2.3592444e-01 -1.7492220e+00 -5.9790641e-01  1.1560752e+00
   9.1293144e-01  3.2355289e+00 -3.8676273e-02  2.9067260e-01
  -1.8251922e+00  5.9697628e-02 -1.3748477e+00  1.3113455e+00
   5.4256449e+00 -1.7856594e+00  1.8986527e+00  2.1468899e+00
   1.7604698e+00 -1.5532910e+00 -1.8989153e+00  2.0146575e+00
   1.0735004e+00  4.2288952e+00  1.0815535e+00  3.6442921e+00
  -3.8648591e+00 -1.8631818e+00  7.0975804e-01  2.2014117e+00
   1.4239752e+00 -2.8483534e-01  1.7282419e+00 -1.6061760e+00
   1.0866468e+00 -1.5537086e+00 -3.6850719e+00 -1.3746424e-01
   2.2330060e+00 -1.1702373e+00 -6.3863337e-01 -4.5876079e+00
   1.8861555e+00  1.0792332e+00  1.2771498e+00  4.2665486e+00
   1.4258996e+00  8.6196959e-01 -1.2261789e+00  1.6178586e+00
  -2.7583718e+00 -1.5254053e-01  5.0248921e-02 -1.6633634e-01
  -2.5126693e+00 -1.0432608e+00 -1.7852085e+00 -7.7554643e-01
   7.9432213e-01  1.2237200e+00  1.2911062e+00  1.6937606e+00
  -5.5231581e+00 -8.3753186e-01  3.2836945e+00 -9.1101903e-01
  -3.3463091e-01  6.1038744e-01 -1.7189724e+00  4.0835776e+00
   2.6554809e+00  1.9242201e+00 -1.7443550e+00 -2.4938409e-01
   3.8539639e+00  7.1975362e-01  9.5254266e-01 -2.4122949e+00
  -8.8295728e-01  1.1013803e+00 -4.1833930e+00  1.8225803e+00
  -3.4274724e+00  5.7959318e-01  3.5390117e+00  2.8019912e+00
  -7.0746833e-01  3.3957776e-01 -2.0241241e+00 -2.6557586e+00
   2.6913455e+00 -2.2158718e-01  2.4944069e+00 -1.0538244e+00
  -1.6159837e+00 -2.3182540e+00 -3.1453290e+00 -3.0155692e+00
   2.0233707e-01 -1.4482893e+00 -9.5363438e-01 -2.5057652e+00
  -4.8030573e-01  3.5420388e-01 -1.5411613e+00 -1.5981543e+00]]",[[0.4388895]]
733,3188,"Feudo Antico, Pecorino, Biologico, IGP, Abruzzo, Italy",White Wine,Italy,Abruzzo,Pecorino ,3,4,12.45,2019,"Dry, crisp and full flavoured, with a bouquet of flowers and pleasant ripe fruit finish.",,https://www.alliancewine.com//images/products/BOTTLE_3320.png?mode=pad,"['dry', 'crisp', 'flower', 'flower', 'ripe', 'fruit']","[[-2.0958312  -1.6235919   0.44873998 -2.4419534   1.4884568   0.37334034
  -0.13223577 -0.3094078  -1.0571626   0.54385656  0.6775904   1.1259377
  -1.0110756   0.8709565   0.8305587   2.4588602  -1.9056325   2.1987083
   2.2490685   0.40020218 -1.9948053  -1.8255907   2.584242   -5.1777472
   1.2736998   0.69016725  0.1051056  -0.7638297  -0.44165924  3.8157234
   1.749091   -0.5741311   0.78394294 -0.44155836 -4.1103263   1.7814058
  -0.57893133  4.851295    1.6208535   1.0695429   0.73278713 -0.49055067
   2.5765615   1.1261994  -1.3083285  -2.568792   -0.98545426 -2.4453807
  -1.4051042   0.99625427 -1.7084287   1.1214242   0.12033654 -0.92012835
   1.8691605  -0.75786716  0.05442572 -3.0721662   2.301513   -0.7484019
   1.4598979   1.5713371   0.24557291  1.787178   -0.34376833 -2.7006981
   0.76096153  1.1263744   1.2202553   3.944732    4.00044    -0.9779752
  -0.6012012   2.4044712   1.1460456   0.02125161  0.08756021  1.0432987
   3.101558   -1.1871048   1.9438442  -0.8312333   1.708234   -2.0763745
  -2.492265    1.6768559   2.421871   -0.39806733 -3.4473753  -0.49883744
  -1.0083233   0.8090218   0.32695785 -0.43173024 -0.43093607 -2.2846792
  -0.77266675 -2.1490123   3.2247496  -1.8700162   0.45853314 -0.34699535
   1.4106497  -2.3667688  -0.9234751   0.2500886  -2.919418   -1.505335
   3.131111   -3.862335    2.5825617  -0.9863003   1.767013   -2.5098548
   2.507037   -1.0134194   1.5978032  -1.0267683  -3.458092   -1.891932
  -1.0990765   0.39965025 -0.32150838  2.440428    2.9125626  -2.7751987
   1.6121138  -0.6188083  -1.2140028  -1.8633176   0.21727674 -4.2310195
  -0.8148709   1.6575137   0.11053703  2.749328   -2.3647988   0.08322499
   2.040414    0.27320406 -2.5277188  -2.2197053  -1.7403558  -2.7191792
   1.3029985   1.2015954   1.3730506   0.32750705 -2.9468777   0.19510685
   0.38573912  1.389985   -0.6527644   0.78257084  0.78380424  0.1004562
  -1.9217496   0.8583997  -0.12712874 -2.4358084  -1.3542606   0.7664587
   1.7067661  -0.47623596  0.9872327   0.35106516 -0.3389083  -1.8302499
  -0.9548149  -2.2525918   3.179364   -0.5882676  -3.6914701   0.5748965
  -0.19527061 -1.2841649   0.43789974  0.40093598 -0.85441136  1.1918974
  -0.315467   -1.5824684   1.0375232   2.492037    2.2673638   1.0249726
  -0.30663133 -2.552173   -4.18043    -0.73472977 -0.20333807 -1.7331567
   1.2624584   2.432606   -2.8929389   2.7201328  -0.93142945 -0.7302992
  -1.0131812   0.54657674  0.39426482  0.8080233   0.8524532   1.3197528
  -2.1396143  -0.81275636 -0.6399148   0.0904486   3.004693   -1.223067
   2.159191    3.0399606   2.449499   -1.7307361  -0.21830674 -0.12612478
   2.4554672   4.5343847   0.65967685  1.3045071  -2.9241674  -1.7956187
  -0.8075974   2.0186265   1.0508208  -0.04458872 -0.24939777 -1.5830611
   1.4309288  -0.19065471 -3.7150762   0.93755895  1.4823679  -1.7046982
   0.79165983 -3.5998127   1.1997857   2.4164994   0.09393168  3.0987394
   1.7496356  -1.054617   -0.9046479  -0.34559098 -2.7536738   1.5161572
   1.2339841   0.05810181 -1.4656838   0.22037433 -0.96723455 -0.42206666
   0.19469446  2.238523    1.1502086   2.3795862  -5.9545503  -1.4138637
   2.8607209  -1.4880935  -0.88617414 -1.0728627  -1.3257813   4.7656674
   1.4889369   2.4142015  -0.36733994 -0.18162589  2.7240517  -0.15588307
  -1.091978   -1.5882945   0.929874   -0.18393636 -2.8260508   0.10364922
  -2.3720725  -1.6078321   5.909867    3.3206778   0.22906001  1.8069569
  -2.306678   -2.6713495   1.8874189  -0.1338311   1.3099879  -1.4805574
  -0.8015569  -0.82359344 -2.6532624  -2.5560572   0.24881713 -0.6999611
  -1.4500767  -2.8420055   1.2445811  -0.3248803  -0.42589888 -1.2185937 ]]",[[0.42727062]]
924,2997,"Cielo e Terra, Casa Defra, Sauvignon Blanc, Tre Venezie, Italy",White Wine,Italy,Veneto,Sauvignon Blanc ,4,3,9.45,2019,"A pale straw yellow, delicate, crisp whitewine with a pleasant bouquet with varietal notes of passion fruit, white peach and citrus. Fresh, fruity taste with a good aromatic note.",,https://www.alliancewine.com//images/products/BOTTLE_2857.png?mode=pad,"['yellow', 'crisp', 'flower', 'passion_fruit', 'peach', 'citrus', 'fresh', 'fruit']","[[-1.93690610e+00  8.50248814e-01  2.71598625e+00 -5.21556318e-01
   3.83391571e+00 -3.15076351e-01  4.24967813e+00  3.64635468e-01
   7.22740889e-01  2.29634881e+00 -2.40238142e+00  1.37826407e+00
  -7.33828783e-01 -2.51620865e+00  1.17199206e+00 -7.03670979e-01
  -1.77641547e+00  5.41507387e+00  2.13153362e+00  9.49232876e-01
  -4.28206635e+00 -3.42120826e-01  1.70893335e+00 -3.30207157e+00
   6.86438203e-01  5.98506987e-01  3.83461285e+00 -3.61696196e+00
  -6.13628328e-01  5.50030565e+00 -1.24129760e+00 -2.45687914e+00
   4.92026472e+00 -1.20914787e-01 -3.86782551e+00 -3.98980975e-01
  -1.28396952e+00  3.59535885e+00  1.44051254e+00  2.99665713e+00
  -2.10249349e-02  8.13548923e-01  1.36186016e+00  2.12219191e+00
  -5.41199541e+00 -1.94582963e+00 -3.20022404e-02 -5.51321077e+00
  -4.27858067e+00  2.40573382e+00 -1.66059935e+00 -9.79609847e-01
   1.09962463e+00  1.94247794e+00  1.10228336e+00  1.31577849e+00
   2.28966403e+00 -4.59169722e+00  1.91734648e+00  9.25530314e-01
   2.43729210e+00 -1.64080882e+00  1.00874126e+00 -2.16133356e-01
   1.63063812e+00 -3.60944176e+00  3.86974001e+00  9.06306148e-01
  -1.60683537e+00  5.24880266e+00  1.85014796e+00  9.58280623e-01
   9.56680715e-01 -5.48126936e-01  2.11793089e+00  3.62132621e+00
   4.32234287e-01  1.82149327e+00  2.95835447e+00 -1.83459759e+00
   1.88194716e+00  1.95277423e-01 -1.40802336e+00 -2.16043949e+00
  -6.45659113e+00 -1.54520586e-01  3.90070295e+00  3.34906626e+00
  -2.41718936e+00 -3.69066644e+00 -4.00800943e-01  4.55195522e+00
   5.04889131e-01 -2.23839045e+00 -2.56894183e+00  1.19184637e+00
  -2.34244990e+00 -6.33497953e-01  1.89399350e+00 -3.99865651e+00
   1.12229192e+00  1.83685040e+00  3.71459436e+00 -3.79525375e+00
   2.56721711e+00 -1.23717499e+00 -2.20718050e+00  9.49295878e-01
   1.83723581e+00 -6.18880415e+00  9.59807336e-01 -2.35787797e+00
   2.86582279e+00  1.60536206e+00  2.04431891e+00  3.54133105e+00
   3.15987420e+00  5.16032100e-01 -2.46315908e+00 -2.20802879e+00
  -6.58585906e-01  2.47086954e+00 -5.08199036e-01  3.47545958e+00
   1.73748159e+00 -2.28848052e+00  8.39528799e-01  1.49919844e+00
  -7.24363923e-01 -1.60851288e+00  1.52573586e+00 -4.43755686e-01
  -1.19890738e+00  3.60008669e+00 -1.69348192e+00  2.22205782e+00
  -1.28968859e+00  4.43372488e-01 -8.31329763e-01  1.64225483e+00
  -3.53068113e+00 -3.50347304e+00 -4.40670073e-01 -6.65051842e+00
   2.32480407e+00 -1.68960750e+00 -3.59288692e-01  2.59619594e+00
  -3.33971643e+00  2.25970387e+00  1.61074638e+00  3.97320223e+00
  -1.22929513e-02  3.11155272e+00 -2.51936746e+00  2.79877138e+00
  -2.51726556e+00  6.90970898e-01 -8.93019199e-01 -3.19323611e+00
  -1.93818033e+00  2.47000813e+00  2.26582479e+00 -3.30848742e+00
   1.72089493e+00  2.59781480e+00  1.20372558e+00  1.97078454e+00
  -1.21241736e+00 -3.62329054e+00  3.66538405e+00  1.02606976e+00
  -4.58673382e+00 -2.51206684e+00  3.23252082e-02  5.55458963e-01
   7.51842380e-01 -2.12245965e+00  1.24715793e+00  4.62841177e+00
   2.66987276e+00 -1.28523958e+00  1.05082482e-01  1.80522251e+00
   4.84862757e+00  3.39438772e+00 -1.07038188e+00 -2.66860509e+00
  -1.38849771e+00 -1.81255507e+00  2.67518902e+00  4.72308040e-01
   5.85365474e-01  2.65139127e+00 -2.23539662e+00  1.15606189e+00
   2.12962437e+00 -4.63961458e+00 -2.39046502e+00  4.15431082e-01
  -1.18180740e+00  4.70052671e+00  1.92633748e-01  1.01622725e+00
  -1.99301875e+00 -1.15596271e+00  1.11721694e-01  4.88771617e-01
   7.26557302e+00 -1.71343255e+00  2.31248164e+00  2.86484694e+00
   1.70799232e+00  1.41539919e+00 -1.55731750e+00 -4.04970378e-01
   2.18803978e+00  3.64981627e+00  2.42611432e+00  9.09931064e-01
  -4.78964901e+00 -2.91532731e+00  2.44066906e+00 -1.40420631e-01
   1.85556841e+00 -1.25072384e+00  5.92246354e-01 -1.88475442e+00
   1.78307009e+00 -1.50880909e+00 -3.22655773e+00  3.99021432e-03
   3.14047265e+00 -1.03259563e+00 -1.32432830e+00 -6.60838747e+00
   1.17721939e+00 -3.18772405e-01  3.62025738e-01  4.52698088e+00
   9.77634788e-01  1.01580632e+00  1.68050790e+00 -5.51372051e-01
  -5.01249790e+00 -3.90289021e+00  2.92325288e-01 -8.65432143e-01
  -2.10084844e+00 -1.32083476e+00 -3.54859352e-01 -2.74499750e+00
   8.19176912e-01  5.09524679e+00 -4.62728441e-01  1.92408347e+00
  -5.73945951e+00  7.60135770e-01  2.72256756e+00 -7.26642907e-01
  -4.69002694e-01 -1.40773261e+00 -1.22062452e-01  7.48697901e+00
   4.30741024e+00  4.83980179e+00 -4.35188770e-01 -1.93416333e+00
   2.72757339e+00  1.49536383e+00  6.45075083e-01  2.07237411e+00
  -1.19657624e+00 -1.97486058e-02 -2.58377409e+00  2.07947946e+00
  -6.47424221e+00  8.70117426e-01  4.36229134e+00  1.23615706e+00
  -1.89516234e+00  1.69252634e+00 -3.71686363e+00 -1.72957730e+00
   3.16876030e+00  8.79602551e-01  7.49546885e-01 -9.86417770e-01
  -3.30699658e+00  2.64779255e-02 -2.73203397e+00 -1.54998004e+00
  -7.95939565e-01 -2.19105244e+00 -1.46424532e+00 -2.85152411e+00
   1.15555966e+00  1.21791792e+00 -1.06108463e+00 -3.28822017e+00]]",[[0.40878123]]
420,3501,"Zaccagnini, Verdicchio di Castelli di Jesi Classico Superiore, Salmàgina, Marche, Italy",White Wine,Italy,Marche,Verdicchio ,3,4,17.95,2018,"Similar to the Cima Signoria but more elegant. The light over-ripening of the grapes and the lees contact give ‘Salmagina’ its fine structure, elegance and ageing potential. A single-vineyard Verdicchio that is the perfect symbiosis of tradition and innovation. Intense straw yellow with greenish hues. Elegant acacia and field flower aromas. Gentle, soft and intense on the palate with a long finish.",,https://www.alliancewine.com//images/products/BOTTLE_2684.png?mode=pad,"['elegant', 'light_bodied', 'elegant', 'straw', 'yellow', 'elegant', 'acacia', 'soft']","[[ 0.58649296  1.880883    3.7650974  -1.2511413   0.35098827  0.4442886
   1.0293111  -1.7284818   1.8164678   2.0220745  -1.2991157   0.5443671
   2.476016   -0.6421077   1.724818    3.3884442  -1.6508561   1.4119128
   0.53638387  0.73979723 -3.3989334  -0.9299816   2.1410758  -2.1312153
   0.06020531  2.0122461   3.3507204   0.6375344  -1.1024714   3.9930308
  -1.4974672  -3.1804802   5.895622   -1.3218331  -2.1349385   0.87733054
  -0.6604286   3.5378635   0.18295313 -0.13387644 -0.28095248 -1.0124948
   0.3163422   2.49398    -1.7684541  -0.52206594 -0.6158187  -1.7570052
  -3.6933863   2.0198758   0.7472375  -1.8816223   3.0697763  -0.35870743
  -1.3245265   0.34942222  3.2107916  -2.979786    0.45086676 -1.3285426
   1.5475634  -1.5544887   0.25417134 -1.4642603   2.0122595  -2.6212878
   4.1274714   1.1766725  -0.07989615  4.582691    2.1829135  -1.6731615
  -0.504737    0.40258592  0.94915915  2.1775236  -0.5863883   1.8301444
   1.687136   -0.9428986  -2.5969007   1.7407548   1.5944169  -6.703325
  -4.507018    0.96824145  4.500668    3.7048597  -2.3271434  -1.3163543
  -1.1025546  -1.0236561   1.4951098  -1.7074842  -1.5171256   2.756873
  -0.5048236   0.20462236  5.2268624  -3.1162765  -2.184463    1.289534
   1.1946758  -1.4224567   0.8281837  -1.4385672  -0.24657834  0.96459806
   4.213383   -1.3452324  -2.2770522  -0.58106446 -0.65593237  1.2370503
  -0.5676496  -0.09235011  1.3670182  -1.331965   -1.9177831  -1.8047106
  -0.4444859  -1.2240868   2.215354    2.6495504  -0.735803   -0.9783926
  -1.3252765  -2.1842835   0.15152392 -2.0426111   1.9395043  -0.43572593
  -2.120569   -1.1606164  -1.8852315   0.85233337 -0.7530917   4.413025
   1.6513555   2.2225509  -4.9231462  -1.9279314  -1.7139614  -6.479972
   1.8789531  -0.18322563  1.7343338   3.4051747  -1.8729786   3.6533456
   0.36004597  2.0048726  -0.0341107   0.19334285 -0.09778091  0.19401711
  -0.50442874 -0.45089203 -0.46006602 -2.1975121   0.61309123  0.93398505
   4.254648   -2.4984553   1.9992913   3.0863233  -1.8458643   4.042868
  -0.36514893 -0.12579912  0.3920544   0.44755453 -1.8792051  -2.0021427
  -2.009142   -2.990983   -0.15571205 -0.11481318  0.88676506  3.20341
   0.51713157 -0.43067548  2.1767545   2.3884637   4.190938   -1.4566526
   3.5896232  -1.0948112  -5.1714926  -1.7210146   2.673745   -0.76801383
   3.469032    0.5112085  -3.4129179   1.2673216   2.2050135  -1.9658647
  -0.95605665  2.702147   -1.0631533   1.9020272  -0.10390976  0.975309
  -4.040323   -0.31124526 -1.7223406   2.6034365   6.6951475  -3.37842
   1.4646913   1.8022335   2.948948    1.777735   -7.0791287   1.3852829
   1.2107636   3.13768    -0.38557935  1.33686    -4.192335   -0.92273355
  -2.0534942   2.1850362   3.3157103  -2.597223   -0.6941561   1.4973135
   0.59448177 -1.2942613  -4.6164374   2.8966987   4.5849805   0.01573332
  -3.4472575  -5.6541424   3.305213    1.2055335  -0.01005095  3.599912
   2.1282167  -1.4832478   0.97960913  0.34885666 -2.3599515   0.9004085
  -3.128172    0.30667531 -2.3737218  -1.8765885  -1.9855095  -0.34001628
  -1.442817    1.2371858  -2.6426678   2.5228367  -4.808572   -1.2315018
   2.2166502  -3.3228312  -3.7469406   0.8144172  -0.8492984   2.654359
   4.3240666   2.009621    0.0176084  -1.7294137   0.22662324  0.11047165
   2.207944    0.434451    1.0445368   0.71001077 -3.6307948   1.7007293
  -4.869205   -0.89534163  3.6691265   5.6510797  -0.688759    1.144969
  -1.8366699  -3.5929742   2.2813046   0.7647772   1.9769654  -0.64744186
  -2.9707725  -2.9232173  -1.2098246  -2.6512213   0.6710439  -0.34239066
   0.17058311 -2.0788455  -0.4818604   0.901291   -3.4299266   0.6280377 ]]",[[0.39993462]]
41,3880,"Klur Natur, Il Y A De l'or..dans l'air, Alsace, France",White Wine,France,Alsace," Gewürztraminer , Muscat ",4,2,40.95,2019,"This orange wine has an intense nose packed full of flora like rose petals, lychee with grip sitting in the background. Full and long in the mouth.",,https://www.alliancewine.com//images/products/BOTTLE_3490.png?mode=pad,"['orange', 'rose', 'lychee', 'gripping']","[[-1.93669891e+00  1.81003869e+00 -2.28557134e+00 -1.27739918e+00
   2.97618294e+00 -1.76830745e+00  3.06586647e+00  3.56094599e+00
  -5.69322109e-02  4.55630398e+00 -5.93467808e+00 -5.10560632e-01
   1.28157735e-02  1.63719225e+00  2.72997475e+00 -1.90639186e+00
  -2.62911153e+00  5.23410749e+00  2.65362167e+00 -6.25982046e-01
  -5.14586020e+00 -9.25967991e-01 -7.51460910e-01 -3.52001715e+00
   2.35470462e+00 -3.55160117e-01  5.22725940e-01 -1.69172359e+00
  -8.00746083e-02  3.23276234e+00  2.31917191e+00 -1.44162560e+00
   4.66984129e+00 -4.24781227e+00 -1.74812877e+00  1.72943151e+00
  -2.92152643e+00  1.09468889e+00 -7.06745744e-01  4.72357273e+00
   6.11281276e-01  3.17449951e+00  9.53322887e-01  4.04470444e+00
  -2.44022059e+00  3.46599340e-01  5.32722473e-03 -1.65507686e+00
  -3.94988155e+00  1.93129933e+00 -1.06078589e+00 -1.17174774e-01
   2.09042430e-01  5.02326965e+00 -2.77409458e+00  5.86645246e-01
   4.38751400e-01 -2.93531871e+00  3.24849796e+00  3.00500488e+00
   3.75788188e+00  3.32262993e+00 -1.23206496e+00  6.92138076e-01
   1.34378529e+00 -7.21126270e+00  1.63199580e+00  6.83937192e-01
  -1.43017626e+00  7.21338034e+00  6.23472631e-01  3.96200562e+00
  -2.73378348e+00 -3.80587840e+00  3.03139567e+00  1.63449275e+00
  -4.54963803e-01  5.00957632e+00  1.54742575e+00 -1.57206762e+00
  -7.59909987e-01  1.95340264e+00  3.27632475e+00 -6.07473850e+00
  -7.78914213e+00 -1.09679961e+00  4.57549953e+00  5.35395813e+00
  -5.92958975e+00 -3.37300491e+00 -1.87537479e+00 -3.22767019e-01
  -3.56611252e-01 -4.16261286e-01 -1.68978333e+00 -4.95272350e+00
  -2.85530758e+00 -3.08879018e+00  3.36620355e+00 -5.87839484e-02
   1.39115250e+00 -9.89965200e-02  2.71228552e+00 -5.75997639e+00
   1.18945169e+00 -9.49866652e-01 -2.78480673e+00  9.51954842e-01
  -3.13831568e+00 -6.64973450e+00  8.14332128e-01 -2.54982877e+00
   1.39409208e+00 -8.07366133e-01  3.63716364e-01 -2.16135025e+00
  -9.52818394e-01 -2.04468489e+00 -4.81688976e+00  2.15881443e+00
  -3.19127858e-01 -4.99513417e-01 -5.68750978e-01  1.67601228e+00
   4.34278107e+00 -4.64889097e+00  3.13865125e-01  3.95520496e+00
   6.04807854e-01 -8.53259027e-01  9.51392353e-01 -8.00457668e+00
  -1.37450242e+00  1.36562717e+00 -1.79733777e+00  6.41256618e+00
   9.23595428e-01  1.45963311e+00  4.05308819e+00 -2.00418091e+00
  -6.00764561e+00 -4.00635052e+00 -1.34453475e+00 -6.24893379e+00
   6.81634486e-01  4.31623936e+00 -4.66162491e+00  2.46734679e-01
  -4.53671646e+00  6.87619686e-01  4.26613951e+00  2.32111263e+00
  -1.46998882e+00 -2.16183603e-01  7.08606482e-01  4.34026241e-01
  -1.62800193e+00 -1.72068691e+00 -4.28060293e+00 -2.80504370e+00
  -7.18365669e-01  2.69318151e+00  3.96875024e+00 -3.36793828e+00
   1.59915900e+00 -1.24263287e+00  1.83695376e+00 -3.26170826e+00
  -2.71721077e+00 -4.05744076e+00  1.92878115e+00 -2.27628994e+00
  -3.75687075e+00 -4.58104563e+00 -1.08146691e+00 -4.19787884e-01
  -2.57744336e+00 -4.65669990e-01  1.40933961e-01  5.39073753e+00
  -2.66388869e+00  6.36294484e-01  2.42873621e+00  5.43630695e+00
   6.22003126e+00  3.17491817e+00 -1.94784582e-01 -4.05419588e+00
  -2.07302618e+00  2.68976736e+00  3.80501366e+00 -1.28245056e+00
  -1.33869827e-01  5.90523386e+00 -1.49973273e+00  2.28085804e+00
  -1.86688697e+00 -4.64832020e+00 -7.57669806e-01  1.58722138e+00
   2.12881899e+00 -1.45409930e+00  3.68012786e-01 -1.03780031e-01
  -3.53938103e+00 -7.18288422e-01 -2.01241016e+00  5.19831896e-01
   5.78262234e+00 -2.82707739e+00 -1.13078547e+00  6.61036062e+00
   2.19011402e+00  3.00826263e+00 -8.51044655e-02 -1.99890780e+00
  -1.14907753e+00  3.14281750e+00  2.42036796e+00  1.01341999e+00
  -2.59224463e+00 -1.68104708e+00  1.42050636e+00 -8.40555429e-01
   6.35634661e-01 -3.02010369e+00  5.20250559e-01  1.94788182e+00
  -1.06060338e+00 -1.63383126e+00 -4.31239462e+00  6.50754452e-01
  -2.26786256e+00  2.09429741e-01 -6.07912540e-01 -1.09751368e+01
  -1.46084774e+00 -8.27615380e-01  7.51995802e-01  2.06638050e+00
   3.09477448e-02 -3.81392777e-01  2.39758706e+00 -1.06013298e+00
  -4.59234047e+00 -1.37019575e+00  5.53108335e-01  1.63993627e-01
   1.06847310e+00  1.93284917e+00 -1.42113042e+00 -4.32516050e+00
  -2.22628307e+00  1.80327773e+00  9.82574463e-01  6.80205441e+00
  -7.38479948e+00  2.40381980e+00 -5.14371395e-02  1.70559108e+00
  -2.29683256e+00 -2.79876375e+00  2.31337619e+00  6.97319651e+00
  -1.29913175e+00  3.49540997e+00  3.78172278e+00 -4.74260759e+00
   1.72423387e+00 -5.52510262e+00  2.98772454e+00 -3.56911612e+00
   8.54193330e-01 -1.19210577e+00 -3.01920867e+00  4.86538315e+00
  -5.47952175e+00 -1.19111180e+00  1.43974185e+00 -1.64850378e+00
  -2.79593515e+00  3.63114381e+00 -1.89339948e+00 -9.57536340e-01
   2.13120937e+00 -5.04819489e+00  4.69362736e+00  5.12905598e-01
  -2.95687819e+00  9.18781817e-01 -1.91081953e+00 -8.29754829e+00
   6.53895259e-01 -1.49548864e+00 -2.55037308e+00 -5.16781616e+00
   5.95690012e-01  7.79439688e-01  4.34261233e-01 -2.29967666e+00]]",[[0.35507524]]
189,3732,"Equipo Navazos, Navazos Niepoort, DO Jerez, Spain",White Wine,Spain,Jerez,Palomino Fino ,0,0,26.95,2018,"A white wine, from an elaboration between Equipo Navazos and Dirk Niepoort following the same rigorous criteria of the best winemakers two centuries ago. a) the palomino fino grape, b) sourced from the best vineyards, c) fermented in butt, d) making use only of wild yeast, e) aged under the veil of flor that would grow immediately after fermentation had stopped, f) without fortification. Navazos-Niepoort is a unique wine, with Sherry like aromas, limestone and chalk dust notes.
A wine full of character, vibrant, fresh and mineral, showing the pure expression of chalky soil.",,https://www.alliancewine.com//images/products/BOTTLE_1706.png?mode=pad,"['white', 'limestone', 'vibrant', 'fresh', 'minerality']","[[-1.3552828e+00  5.3817517e-01  3.6064250e+00 -1.9414349e-01
   3.2369258e+00 -4.5181686e-01  1.8162706e+00 -2.2795188e+00
   2.6892834e+00  4.3153596e+00 -2.7325325e+00  2.1040177e+00
  -2.0889792e+00  8.6289465e-01  1.9438156e+00  2.2783222e+00
  -2.6826463e+00 -9.1835976e-01  1.2450073e+00  1.2435369e+00
  -3.3782868e+00  2.7787139e+00  2.2784691e+00 -2.1679792e+00
   1.2311275e-01  6.3715565e-01 -5.2266061e-01 -1.4749066e+00
  -1.1548837e+00  2.8685987e+00  1.1581100e+00 -2.7458659e-01
   2.8397517e+00  7.5478889e-02 -1.5394433e+00 -1.3310907e+00
  -1.5904633e+00  2.8406265e+00  2.6720352e+00  2.3861196e+00
   5.6137675e-01  4.3046970e+00  1.4669513e-02  3.1192794e+00
  -2.8300138e+00 -2.7505345e+00 -1.6683458e+00 -3.3485732e+00
  -1.7932708e+00  1.8456640e+00  7.2497213e-01 -1.5778778e+00
  -9.1027182e-01 -3.0038977e-01  1.4875929e-01 -1.0189627e-01
   2.3436055e+00 -2.2491605e+00 -9.7136700e-01  1.3258638e+00
   1.4140792e+00  2.0696836e+00  2.7219694e+00  1.1022892e+00
   1.1375239e+00 -4.1490278e+00  1.0708305e+00 -8.5449696e-02
  -4.9269971e-01  4.4102688e+00 -5.2874082e-01  4.7435731e-01
  -1.5725180e+00  9.2633545e-01  1.2282077e+00 -1.1583189e+00
   2.4197450e+00 -2.3063926e-01  2.7391391e+00 -3.4992492e+00
   2.6866901e+00  8.0150664e-01  5.6359857e-01 -3.1411395e+00
  -4.2853928e+00  1.5075848e+00  2.4582133e+00  3.6083977e+00
   5.4941285e-01 -1.1522955e+00  2.7671459e+00  1.6746428e+00
   8.2876503e-01 -7.7261698e-01 -1.7214791e+00  1.1031598e+00
  -8.9489233e-01  3.6835974e-01  1.0171028e+00 -6.3386476e-01
  -2.1221859e+00  1.3151394e+00  1.9428310e+00 -4.8648310e+00
   1.1982539e+00 -1.6166141e+00  1.1554242e+00  2.6042459e+00
   9.5311421e-01 -4.0260692e+00  5.8183193e-01 -2.2631872e+00
   1.5060235e+00  3.2010758e+00  2.3002391e+00 -1.0845054e+00
  -1.4035497e+00 -3.0405512e-01 -2.8555169e+00  4.8727879e-01
  -2.3190412e-01 -1.0355418e+00  4.9493012e-01  2.0184388e+00
   3.8001785e-01 -3.0103724e+00  5.3563911e-01  8.9648664e-01
   5.6530315e-01 -3.5552700e+00  2.2997346e+00  1.2970442e+00
  -1.8257120e+00  1.9697778e+00  7.3250353e-01 -2.0799506e+00
   2.3866168e-01  3.2960560e+00  9.6989840e-01  2.9083016e+00
  -6.4149575e+00 -1.6539946e+00 -2.1994300e+00 -6.5578718e+00
   1.1979915e+00 -2.5273628e+00 -5.2585982e-02  2.8672547e+00
  -4.7249703e+00  1.5718237e+00  3.6987236e+00  3.5034070e+00
  -1.9850947e+00  1.2467896e+00 -3.3738971e+00  2.4781408e+00
  -1.4082763e+00  6.0982716e-01 -6.6746879e-01 -1.4929299e+00
  -3.0624013e+00  5.0067005e+00 -1.5595588e-01 -2.8331692e+00
  -1.5526636e-01  6.9933809e-02  1.0737706e+00  7.7974987e-01
  -1.0927303e-01  1.5139604e-02  3.6636665e+00  1.0883677e+00
  -1.9210274e+00 -3.5735130e-01 -1.9237220e-01  2.9677552e-01
   2.3139710e+00 -2.5997248e-01  5.4604787e-01  4.0317149e+00
  -5.1261306e-01  2.2150528e-02  1.4355386e+00 -1.2303590e-04
   2.8908534e+00  1.6432126e+00 -6.0435057e-01  4.3481627e-01
  -3.2553391e+00 -9.6571887e-01  1.3790708e+00 -1.2942358e+00
  -9.8594266e-01 -1.2477437e+00 -2.0841441e+00  2.1751733e+00
   1.9484980e+00 -1.4754031e+00 -1.8821452e+00  1.9152157e+00
  -1.1366445e+00  3.4004664e+00  1.3776639e+00  4.9624372e-01
  -2.3963428e+00 -3.0255954e+00 -7.6091361e-01 -1.1661479e+00
   4.6689210e+00 -3.7107358e+00 -1.4968109e+00  2.3855016e+00
  -4.1394514e-01  4.7227186e-01 -3.6612980e+00  4.7404808e-01
   3.2036126e+00  3.3994167e+00  2.0798335e+00  7.4028468e-01
  -6.4093649e-01 -2.5712972e+00 -2.7107143e+00 -3.4882182e-01
   2.9172168e+00  2.1678166e+00  6.3581127e-01 -3.3858476e+00
   7.6365966e-01 -6.9423991e-01 -3.5927193e+00 -4.9091849e-01
   1.4871519e+00 -3.7282176e+00  1.0644128e+00 -3.0357583e+00
   3.3293273e+00  5.2403536e+00  8.3826619e-01  6.6408019e+00
   2.8783870e+00  1.1500527e+00 -1.6361097e+00  2.4282727e+00
  -9.3763030e-01 -1.2931660e-01 -6.4759874e-01  1.5347283e+00
  -2.0537639e+00 -1.6256149e+00 -3.0131001e+00 -2.4483123e-01
   1.5686210e+00  3.5036170e+00  4.2749912e-01  1.0243905e+00
  -3.4079254e+00  2.2611733e-01  2.9418175e+00 -9.2339599e-01
   3.9866686e-01 -6.1184800e-01 -3.5736973e+00  4.0333052e+00
   4.1312628e+00  4.2594032e+00 -1.8829638e+00 -2.0605429e-01
   2.7690873e+00 -1.8319778e-01  1.2445896e+00 -1.4515687e+00
  -1.6943924e+00  1.1676294e+00 -4.2285600e+00  3.7414412e+00
  -5.0605230e+00 -2.2774291e+00  3.9230819e+00  3.0333097e+00
  -4.2135888e-01  5.1641273e-01 -3.3896918e+00 -2.3978214e+00
   3.4257083e+00  1.2353114e+00  9.1130316e-01  2.0815814e-01
  -9.0822381e-01 -2.2255356e+00 -4.5659351e+00 -2.8702693e+00
  -2.1323428e+00  3.7886304e-01 -5.5896103e-01 -1.9839548e+00
  -2.2738934e-03  2.2260828e+00  1.9612098e-02 -1.7309277e+00]]",[[0.30001536]]
